Doctor,Treatment_Count,Billing_Amount_Min,Billing_Amount_Max,Billing_Amount_Avg,Billing_Amount_Total
"Aaron Acevedo",1,29047.28,29047.28,29047.28,29047.28
"Aaron Adams",1,20162.26,20162.26,20162.26,20162.26
"Aaron Aguilar",1,8091.81,8091.81,8091.81,8091.81
"Aaron Alexander",1,22120.87,22120.87,22120.87,22120.87
"Aaron Anderson",1,40326.06,40326.06,40326.06,40326.06
"Aaron Arnold",1,8013.34,8013.34,8013.34,8013.34
"Aaron Baker",2,5541.80,38819.66,22180.73,44361.46
"Aaron Barker",1,45316.11,45316.11,45316.11,45316.11
"Aaron Barrett",1,33877.38,33877.38,33877.38,33877.38
"Aaron Barry",1,42794.69,42794.69,42794.69,42794.69
"Aaron Bates",1,16675.85,16675.85,16675.85,16675.85
"Aaron Becker",1,5777.88,5777.88,5777.88,5777.88
"Aaron Brown",6,2142.91,44196.91,22479.28,134875.69
"Aaron Burch",1,15087.33,15087.33,15087.33,15087.33
"Aaron Caldwell",1,34837.32,34837.32,34837.32,34837.32
"Aaron Cardenas",1,32952.86,32952.86,32952.86,32952.86
"Aaron Carter",1,13417.36,13417.36,13417.36,13417.36
"Aaron Christensen",2,22188.14,22188.14,22188.14,44376.28
"Aaron Collins",2,10673.74,48846.57,29760.15,59520.31
"Aaron Cook",2,19085.48,39813.71,29449.60,58899.19
"Aaron Cooley",1,30348.50,30348.50,30348.50,30348.50
"Aaron Cunningham",1,33458.12,33458.12,33458.12,33458.12
"Aaron Curtis",2,43470.37,43535.92,43503.15,87006.29
"Aaron David",2,41575.24,49082.22,45328.73,90657.46
"Aaron Davila",1,21902.80,21902.80,21902.80,21902.80
"Aaron Dennis",1,40217.37,40217.37,40217.37,40217.37
"Aaron Dickson",1,33886.27,33886.27,33886.27,33886.27
"Aaron Edwards",1,31094.72,31094.72,31094.72,31094.72
"Aaron Esparza",1,41655.82,41655.82,41655.82,41655.82
"Aaron Flores",1,26935.86,26935.86,26935.86,26935.86
"Aaron Foster",1,23905.28,23905.28,23905.28,23905.28
"Aaron Fox",1,15289.19,15289.19,15289.19,15289.19
"Aaron Garcia",2,17456.56,35305.65,26381.11,52762.22
"Aaron Glover",1,1651.31,1651.31,1651.31,1651.31
"Aaron Gomez",1,8372.85,8372.85,8372.85,8372.85
"Aaron Greer",2,46201.93,46201.93,46201.93,92403.86
"Aaron Gregory",2,25105.36,25105.36,25105.36,50210.73
"Aaron Griffin",1,46267.77,46267.77,46267.77,46267.77
"Aaron Grimes",1,49269.41,49269.41,49269.41,49269.41
"Aaron Hansen",1,42043.21,42043.21,42043.21,42043.21
"Aaron Hanson",1,36246.53,36246.53,36246.53,36246.53
"Aaron Hardy PhD",1,15362.63,15362.63,15362.63,15362.63
"Aaron Harper",1,1620.13,1620.13,1620.13,1620.13
"Aaron Harris",1,6597.16,6597.16,6597.16,6597.16
"Aaron Harrison",1,13661.13,13661.13,13661.13,13661.13
"Aaron Hernandez",2,24668.20,36514.54,30591.37,61182.75
"Aaron Herrera",2,8993.42,24559.33,16776.37,33552.75
"Aaron Higgins",1,19013.69,19013.69,19013.69,19013.69
"Aaron Hill",2,26205.68,40917.20,33561.44,67122.88
"Aaron Hudson",1,8816.81,8816.81,8816.81,8816.81
"Aaron Hunter",2,32910.17,32910.17,32910.17,65820.33
"Aaron Jacobs",1,6824.12,6824.12,6824.12,6824.12
"Aaron Johnson",3,4980.39,49348.81,19769.86,59309.59
"Aaron Johnston",1,35661.78,35661.78,35661.78,35661.78
"Aaron Jones",4,30173.03,39259.30,36932.42,147729.67
"Aaron Kim",2,21376.99,38253.29,29815.14,59630.29
"Aaron King",2,11857.85,30992.07,21424.96,42849.92
"Aaron Lee",2,40437.26,40437.26,40437.26,80874.52
"Aaron Li",1,43372.24,43372.24,43372.24,43372.24
"Aaron Lopez",2,38260.42,38260.42,38260.42,76520.83
"Aaron Manning",2,48413.77,48413.77,48413.77,96827.55
"Aaron Martin",2,16740.39,22211.15,19475.77,38951.54
"Aaron Martin MD",1,44943.23,44943.23,44943.23,44943.23
"Aaron Martinez",2,21887.16,25536.57,23711.87,47423.74
"Aaron Maxwell",1,46146.67,46146.67,46146.67,46146.67
"Aaron Mcdonald",1,11564.57,11564.57,11564.57,11564.57
"Aaron Mcdowell",1,18620.38,18620.38,18620.38,18620.38
"Aaron Mcmillan",1,30869.51,30869.51,30869.51,30869.51
"Aaron Mendoza",1,16253.36,16253.36,16253.36,16253.36
"Aaron Meyers",1,8715.37,8715.37,8715.37,8715.37
"Aaron Miller",2,10343.27,45109.39,27726.33,55452.66
"Aaron Mitchell",2,43116.72,43116.72,43116.72,86233.44
"Aaron Moody",1,15434.40,15434.40,15434.40,15434.40
"Aaron Moore",1,19081.96,19081.96,19081.96,19081.96
"Aaron Moreno",1,22115.27,22115.27,22115.27,22115.27
"Aaron Morgan",1,22050.25,22050.25,22050.25,22050.25
"Aaron Morrow",1,33506.35,33506.35,33506.35,33506.35
"Aaron Murphy",1,17233.57,17233.57,17233.57,17233.57
"Aaron Murray",1,15492.45,15492.45,15492.45,15492.45
"Aaron Myers",1,1832.17,1832.17,1832.17,1832.17
"Aaron Neal",1,28346.88,28346.88,28346.88,28346.88
"Aaron Nguyen",1,40791.52,40791.52,40791.52,40791.52
"Aaron Pace",1,41982.11,41982.11,41982.11,41982.11
"Aaron Park",1,28004.11,28004.11,28004.11,28004.11
"Aaron Paul",1,32843.82,32843.82,32843.82,32843.82
"Aaron Perez",3,6730.53,32550.84,17709.94,53129.82
"Aaron Perry",1,18289.65,18289.65,18289.65,18289.65
"Aaron Pham",1,47639.43,47639.43,47639.43,47639.43
"Aaron Pierce",2,39879.67,39879.67,39879.67,79759.33
"Aaron Price",1,43471.71,43471.71,43471.71,43471.71
"Aaron Ramirez",1,28568.20,28568.20,28568.20,28568.20
"Aaron Rivera",1,26775.50,26775.50,26775.50,26775.50
"Aaron Roberts",1,11718.34,11718.34,11718.34,11718.34
"Aaron Robertson",1,5984.54,5984.54,5984.54,5984.54
"Aaron Rodriguez",1,43434.42,43434.42,43434.42,43434.42
"Aaron Rogers",1,8211.89,8211.89,8211.89,8211.89
"Aaron Ross",1,45604.06,45604.06,45604.06,45604.06
"Aaron Russo",1,4968.45,4968.45,4968.45,4968.45
"Aaron Ryan",1,19523.85,19523.85,19523.85,19523.85
"Aaron Sanchez",2,560.38,560.38,560.38,1120.76
"Aaron Schmidt",1,26572.92,26572.92,26572.92,26572.92
"Aaron Smith",2,4644.96,8676.76,6660.86,13321.73
"Aaron Snyder",1,12253.74,12253.74,12253.74,12253.74
"Aaron Solis",1,32836.24,32836.24,32836.24,32836.24
"Aaron Spencer",1,34363.10,34363.10,34363.10,34363.10
"Aaron Stanley",1,19799.30,19799.30,19799.30,19799.30
"Aaron Swanson",1,46579.72,46579.72,46579.72,46579.72
"Aaron Taylor",1,37277.45,37277.45,37277.45,37277.45
"Aaron Thomas",2,16536.69,16536.69,16536.69,33073.39
"Aaron Thompson",1,9141.64,9141.64,9141.64,9141.64
"Aaron Turner",4,4794.75,34219.07,19506.91,78027.65
"Aaron Vasquez",1,28670.18,28670.18,28670.18,28670.18
"Aaron Walker",2,29083.34,46033.79,37558.56,75117.13
"Aaron Washington",1,38759.56,38759.56,38759.56,38759.56
"Aaron Watkins",1,4911.14,4911.14,4911.14,4911.14
"Aaron Watson",1,6944.61,6944.61,6944.61,6944.61
"Aaron Webb",1,32687.10,32687.10,32687.10,32687.10
"Aaron White",3,9525.45,43115.19,21348.71,64046.13
"Aaron Wiggins",1,14509.25,14509.25,14509.25,14509.25
"Aaron Williams",2,32546.89,42819.65,37683.27,75366.54
"Aaron Wong",2,4529.93,4529.93,4529.93,9059.85
"Aaron Wood",1,45671.88,45671.88,45671.88,45671.88
"Aaron Wright",1,5471.98,5471.98,5471.98,5471.98
"Aaron Yang",1,22723.29,22723.29,22723.29,22723.29
"Abigail Aguirre",1,11357.88,11357.88,11357.88,11357.88
"Abigail Alvarado",1,24529.93,24529.93,24529.93,24529.93
"Abigail Armstrong",1,18972.78,18972.78,18972.78,18972.78
"Abigail Beck",1,32006.62,32006.62,32006.62,32006.62
"Abigail Brown",1,29001.61,29001.61,29001.61,29001.61
"Abigail Bryan",1,2435.05,2435.05,2435.05,2435.05
"Abigail Chen",1,40598.75,40598.75,40598.75,40598.75
"Abigail Erickson MD",1,28060.97,28060.97,28060.97,28060.97
"Abigail Ewing",1,25352.10,25352.10,25352.10,25352.10
"Abigail Flores",1,7068.91,7068.91,7068.91,7068.91
"Abigail Fowler",2,21998.83,21998.83,21998.83,43997.65
"Abigail Fox",1,43612.95,43612.95,43612.95,43612.95
"Abigail Garcia",1,11934.99,11934.99,11934.99,11934.99
"Abigail Garza",1,18691.60,18691.60,18691.60,18691.60
"Abigail Gentry",1,16912.68,16912.68,16912.68,16912.68
"Abigail Hardy",1,13631.93,13631.93,13631.93,13631.93
"Abigail Holder",1,19964.50,19964.50,19964.50,19964.50
"Abigail Johnson",1,40982.51,40982.51,40982.51,40982.51
"Abigail Jones",1,33782.29,33782.29,33782.29,33782.29
"Abigail Kelly",1,18320.98,18320.98,18320.98,18320.98
"Abigail King",1,23253.40,23253.40,23253.40,23253.40
"Abigail Lee",1,8642.61,8642.61,8642.61,8642.61
"Abigail Lopez",1,14511.54,14511.54,14511.54,14511.54
"Abigail Mack",1,27434.10,27434.10,27434.10,27434.10
"Abigail Martin",1,33610.24,33610.24,33610.24,33610.24
"Abigail Mathis",1,35843.45,35843.45,35843.45,35843.45
"Abigail Mccoy",1,31701.05,31701.05,31701.05,31701.05
"Abigail Nelson",2,3052.02,39342.26,21197.14,42394.28
"Abigail Newman",1,6407.38,6407.38,6407.38,6407.38
"Abigail Newton",1,36391.78,36391.78,36391.78,36391.78
"Abigail Noble",1,4051.11,4051.11,4051.11,4051.11
"Abigail Owen",1,29208.23,29208.23,29208.23,29208.23
"Abigail Pearson",1,27288.73,27288.73,27288.73,27288.73
"Abigail Perez",1,45102.20,45102.20,45102.20,45102.20
"Abigail Roberson",1,38960.54,38960.54,38960.54,38960.54
"Abigail Ross",2,26967.85,26967.85,26967.85,53935.69
"Abigail Russell",1,24104.27,24104.27,24104.27,24104.27
"Abigail Salas",2,13310.82,13310.82,13310.82,26621.64
"Abigail Solomon",1,42266.51,42266.51,42266.51,42266.51
"Abigail Valentine",1,13966.01,13966.01,13966.01,13966.01
"Abigail Vargas",1,17414.11,17414.11,17414.11,17414.11
"Abigail Walker PhD",1,35632.06,35632.06,35632.06,35632.06
"Abigail Warren",1,37662.94,37662.94,37662.94,37662.94
"Abigail Washington",1,1000.70,1000.70,1000.70,1000.70
"Abigail White",1,27505.00,27505.00,27505.00,27505.00
"Abigail Williams",4,17689.15,36671.40,24659.49,98637.96
"Abigail Wilson",1,40685.18,40685.18,40685.18,40685.18
"Abigail Wright",2,9177.02,43686.13,26431.58,52863.16
"Adam Alexander",1,49339.88,49339.88,49339.88,49339.88
"Adam Anderson",1,3933.48,3933.48,3933.48,3933.48
"Adam Atkins DDS",2,33914.05,33914.05,33914.05,67828.11
"Adam Avila",1,17937.15,17937.15,17937.15,17937.15
"Adam Bailey",1,2769.93,2769.93,2769.93,2769.93
"Adam Baker",2,3807.14,36055.14,19931.14,39862.28
"Adam Becker",1,9278.03,9278.03,9278.03,9278.03
"Adam Bell",2,25871.70,25871.70,25871.70,51743.40
"Adam Bentley",1,2693.88,2693.88,2693.88,2693.88
"Adam Booth",1,10227.50,10227.50,10227.50,10227.50
"Adam Bowers",2,15072.57,15072.57,15072.57,30145.14
"Adam Bradley",4,3312.41,45982.86,32166.52,128666.09
"Adam Bradshaw",1,4955.11,4955.11,4955.11,4955.11
"Adam Brady",1,35320.66,35320.66,35320.66,35320.66
"Adam Brown",1,48314.99,48314.99,48314.99,48314.99
"Adam Bryant",1,9782.62,9782.62,9782.62,9782.62
"Adam Buckley",1,14924.23,14924.23,14924.23,14924.23
"Adam Burns",2,39490.34,39490.34,39490.34,78980.68
"Adam Campbell",2,16068.64,16068.64,16068.64,32137.28
"Adam Carpenter",1,16202.62,16202.62,16202.62,16202.62
"Adam Carr",1,31999.30,31999.30,31999.30,31999.30
"Adam Chapman",1,4459.29,4459.29,4459.29,4459.29
"Adam Christian",1,34328.61,34328.61,34328.61,34328.61
"Adam Clark",1,37365.40,37365.40,37365.40,37365.40
"Adam Coleman",2,49232.46,49232.46,49232.46,98464.91
"Adam Collins",2,9345.80,9345.80,9345.80,18691.60
"Adam Cooper",2,42321.65,42321.65,42321.65,84643.31
"Adam Crawford",1,9665.08,9665.08,9665.08,9665.08
"Adam Curry",1,4521.35,4521.35,4521.35,4521.35
"Adam Dawson",1,22645.63,22645.63,22645.63,22645.63
"Adam Downs",1,38479.76,38479.76,38479.76,38479.76
"Adam Duarte",1,43514.50,43514.50,43514.50,43514.50
"Adam Espinoza",1,21689.83,21689.83,21689.83,21689.83
"Adam Farrell",1,40108.90,40108.90,40108.90,40108.90
"Adam Fitzgerald",1,35645.92,35645.92,35645.92,35645.92
"Adam Flores",1,17390.82,17390.82,17390.82,17390.82
"Adam Foster",1,35169.21,35169.21,35169.21,35169.21
"Adam Fox",1,15886.27,15886.27,15886.27,15886.27
"Adam Frazier",1,14551.56,14551.56,14551.56,14551.56
"Adam Freeman",1,40527.50,40527.50,40527.50,40527.50
"Adam Gallagher",1,21773.99,21773.99,21773.99,21773.99
"Adam Garza",1,20580.08,20580.08,20580.08,20580.08
"Adam Gates",1,32371.62,32371.62,32371.62,32371.62
"Adam Gentry",1,10581.96,10581.96,10581.96,10581.96
"Adam Gonzalez",1,20598.56,20598.56,20598.56,20598.56
"Adam Gray",2,16572.90,29248.91,22910.91,45821.81
"Adam Green",2,30107.94,30107.94,30107.94,60215.87
"Adam Griffin",1,12410.87,12410.87,12410.87,12410.87
"Adam Grimes",1,34507.94,34507.94,34507.94,34507.94
"Adam Hall",1,3354.36,3354.36,3354.36,3354.36
"Adam Hardy",1,28281.35,28281.35,28281.35,28281.35
"Adam Harper",1,13168.46,13168.46,13168.46,13168.46
"Adam Harrell",1,6758.20,6758.20,6758.20,6758.20
"Adam Harris",1,37594.01,37594.01,37594.01,37594.01
"Adam Hayes",2,9122.69,11042.46,10082.57,20165.15
"Adam Henry",1,45084.13,45084.13,45084.13,45084.13
"Adam Higgins",1,26338.55,26338.55,26338.55,26338.55
"Adam Horne",1,29595.77,29595.77,29595.77,29595.77
"Adam Jackson",3,33726.90,46473.53,41739.50,125218.50
"Adam Johnson",1,28410.15,28410.15,28410.15,28410.15
"Adam Jones",2,3895.11,9001.94,6448.53,12897.05
"Adam Juarez",1,3331.93,3331.93,3331.93,3331.93
"Adam Kaufman",1,20084.47,20084.47,20084.47,20084.47
"Adam Keller",3,4080.01,29929.31,21312.88,63938.63
"Adam Kelley",1,2294.77,2294.77,2294.77,2294.77
"Adam Kelly",1,16573.42,16573.42,16573.42,16573.42
"Adam King",1,33062.11,33062.11,33062.11,33062.11
"Adam Knox",1,31992.82,31992.82,31992.82,31992.82
"Adam Kramer",1,32548.72,32548.72,32548.72,32548.72
"Adam Krueger DDS",2,7760.90,7760.90,7760.90,15521.79
"Adam Lam",2,39335.84,39335.84,39335.84,78671.69
"Adam Landry",1,12855.52,12855.52,12855.52,12855.52
"Adam Lane",1,18155.16,18155.16,18155.16,18155.16
"Adam Lewis",1,26105.49,26105.49,26105.49,26105.49
"Adam Little",1,22281.91,22281.91,22281.91,22281.91
"Adam Lopez",1,14320.69,14320.69,14320.69,14320.69
"Adam Lucas",1,28138.30,28138.30,28138.30,28138.30
"Adam Marsh",1,38296.57,38296.57,38296.57,38296.57
"Adam Marshall",1,27665.66,27665.66,27665.66,27665.66
"Adam Martinez",1,17268.33,17268.33,17268.33,17268.33
"Adam Mason",1,38282.32,38282.32,38282.32,38282.32
"Adam May",2,9970.30,12932.24,11451.27,22902.54
"Adam Mccoy",1,7093.44,7093.44,7093.44,7093.44
"Adam Mckinney",1,16955.56,16955.56,16955.56,16955.56
"Adam Medina",1,49028.64,49028.64,49028.64,49028.64
"Adam Meyer",1,46079.53,46079.53,46079.53,46079.53
"Adam Miller",3,25312.19,48111.92,33141.35,99424.04
"Adam Mitchell",1,51139.36,51139.36,51139.36,51139.36
"Adam Moyer",1,1187.78,1187.78,1187.78,1187.78
"Adam Nelson",1,43401.38,43401.38,43401.38,43401.38
"Adam Ochoa",1,19497.13,19497.13,19497.13,19497.13
"Adam Page",1,33009.27,33009.27,33009.27,33009.27
"Adam Parker",1,15558.25,15558.25,15558.25,15558.25
"Adam Parsons",1,42155.70,42155.70,42155.70,42155.70
"Adam Patel",1,11754.75,11754.75,11754.75,11754.75
"Adam Payne",2,4656.88,4656.88,4656.88,9313.75
"Adam Pearson",1,19600.26,19600.26,19600.26,19600.26
"Adam Perez",2,20274.97,20274.97,20274.97,40549.94
"Adam Peterson",1,18144.86,18144.86,18144.86,18144.86
"Adam Pierce",1,47876.58,47876.58,47876.58,47876.58
"Adam Pineda",1,15567.46,15567.46,15567.46,15567.46
"Adam Pitts",3,-483.71,19537.59,12863.83,38591.48
"Adam Price",1,14654.74,14654.74,14654.74,14654.74
"Adam Ray",2,12041.70,12041.70,12041.70,24083.40
"Adam Raymond",1,35862.36,35862.36,35862.36,35862.36
"Adam Reed",1,2978.67,2978.67,2978.67,2978.67
"Adam Reeves",1,12699.32,12699.32,12699.32,12699.32
"Adam Rice",2,29679.32,29679.32,29679.32,59358.65
"Adam Richard",1,15860.36,15860.36,15860.36,15860.36
"Adam Richardson",2,15346.21,34517.82,24932.01,49864.03
"Adam Rivers",1,47173.78,47173.78,47173.78,47173.78
"Adam Roberts",1,26276.79,26276.79,26276.79,26276.79
"Adam Robertson",1,20054.06,20054.06,20054.06,20054.06
"Adam Robles",1,1665.56,1665.56,1665.56,1665.56
"Adam Rodgers",1,43748.74,43748.74,43748.74,43748.74
"Adam Rodriguez",2,5904.91,40058.35,22981.63,45963.26
"Adam Ross",1,11311.33,11311.33,11311.33,11311.33
"Adam Sanders",1,51567.28,51567.28,51567.28,51567.28
"Adam Santiago",1,1573.26,1573.26,1573.26,1573.26
"Adam Schneider",1,9465.65,9465.65,9465.65,9465.65
"Adam Shannon",1,44664.33,44664.33,44664.33,44664.33
"Adam Shaw",1,44667.99,44667.99,44667.99,44667.99
"Adam Sims",1,35344.43,35344.43,35344.43,35344.43
"Adam Singh",1,28927.27,28927.27,28927.27,28927.27
"Adam Smith",6,6983.40,47615.65,24114.76,144688.55
"Adam Snyder",1,35923.57,35923.57,35923.57,35923.57
"Adam Sparks",2,7720.50,7720.50,7720.50,15440.99
"Adam Stewart",1,43992.13,43992.13,43992.13,43992.13
"Adam Thomas",1,19289.70,19289.70,19289.70,19289.70
"Adam Thompson",2,41241.89,42638.69,41940.29,83880.58
"Adam Torres",2,30103.53,34251.22,32177.37,64354.75
"Adam Torres DDS",1,6812.17,6812.17,6812.17,6812.17
"Adam Turner",1,34124.91,34124.91,34124.91,34124.91
"Adam Vega",1,19995.20,19995.20,19995.20,19995.20
"Adam Velazquez MD",1,5090.08,5090.08,5090.08,5090.08
"Adam Velez",1,18170.90,18170.90,18170.90,18170.90
"Adam Walker",2,18902.58,42166.82,30534.70,61069.40
"Adam Waller",1,20173.59,20173.59,20173.59,20173.59
"Adam Walsh",1,40559.10,40559.10,40559.10,40559.10
"Adam Walton",1,15210.48,15210.48,15210.48,15210.48
"Adam Watson",2,10688.25,40528.77,25608.51,51217.02
"Adam West",1,11424.48,11424.48,11424.48,11424.48
"Adam White",1,30565.84,30565.84,30565.84,30565.84
"Adam Whitehead",1,19017.65,19017.65,19017.65,19017.65
"Adam Williams",2,11310.18,29209.54,20259.86,40519.72
"Adam Williamson",1,18859.38,18859.38,18859.38,18859.38
"Adam Wilson",2,10077.83,11279.58,10678.71,21357.41
"Adam Woodard",1,14910.08,14910.08,14910.08,14910.08
"Adam Wright",2,3421.76,3421.76,3421.76,6843.53
"Adam Wyatt",2,25629.94,25629.94,25629.94,51259.88
"Adam Young",1,30484.96,30484.96,30484.96,30484.96
"Adrian Allen",2,24473.84,24670.64,24572.24,49144.48
"Adrian Bates",1,13183.40,13183.40,13183.40,13183.40
"Adrian Booth",1,41203.55,41203.55,41203.55,41203.55
"Adrian Brown",2,8636.37,46465.41,27550.89,55101.78
"Adrian Butler",1,16139.33,16139.33,16139.33,16139.33
"Adrian Cox",1,23462.64,23462.64,23462.64,23462.64
"Adrian Davis",3,6660.05,34566.61,16196.52,48589.57
"Adrian Dickson",2,50430.43,50430.43,50430.43,100860.86
"Adrian Ford",1,13750.17,13750.17,13750.17,13750.17
"Adrian Franco",1,5248.25,5248.25,5248.25,5248.25
"Adrian Galvan",2,40902.41,40902.41,40902.41,81804.82
"Adrian Gamble",1,14229.80,14229.80,14229.80,14229.80
"Adrian Garcia DDS",1,1597.05,1597.05,1597.05,1597.05
"Adrian Gonzalez",1,20688.34,20688.34,20688.34,20688.34
"Adrian Henderson",1,44291.73,44291.73,44291.73,44291.73
"Adrian Herrera",1,16113.55,16113.55,16113.55,16113.55
"Adrian Jacobs PhD",1,33345.58,33345.58,33345.58,33345.58
"Adrian Joseph",1,34180.66,34180.66,34180.66,34180.66
"Adrian Lopez",1,25351.92,25351.92,25351.92,25351.92
"Adrian Mills",1,22915.99,22915.99,22915.99,22915.99
"Adrian Nelson",1,39641.63,39641.63,39641.63,39641.63
"Adrian Nicholson",1,26060.32,26060.32,26060.32,26060.32
"Adrian Oconnell",1,22743.33,22743.33,22743.33,22743.33
"Adrian Olsen",1,25102.90,25102.90,25102.90,25102.90
"Adrian Powell",1,18271.00,18271.00,18271.00,18271.00
"Adrian Ray",1,6713.39,6713.39,6713.39,6713.39
"Adrian Richards",1,44709.57,44709.57,44709.57,44709.57
"Adrian Richmond",1,17456.18,17456.18,17456.18,17456.18
"Adrian Ruiz",2,44072.46,44072.46,44072.46,88144.92
"Adrian Shannon",1,13761.81,13761.81,13761.81,13761.81
"Adrian Smith",2,40242.89,49138.33,44690.61,89381.23
"Adrian Swanson",1,38026.85,38026.85,38026.85,38026.85
"Adrian Tran",1,18174.44,18174.44,18174.44,18174.44
"Adrian Vaughn",1,26163.99,26163.99,26163.99,26163.99
"Adrian Warren",1,34344.57,34344.57,34344.57,34344.57
"Adrian Zamora",1,23447.34,23447.34,23447.34,23447.34
"Adriana Alvarez",3,7225.55,46049.53,33108.20,99324.60
"Adriana Boyle",1,25517.10,25517.10,25517.10,25517.10
"Adriana Bryant",1,11185.69,11185.69,11185.69,11185.69
"Adriana Colon",1,8140.82,8140.82,8140.82,8140.82
"Adriana Duncan",1,32254.44,32254.44,32254.44,32254.44
"Adriana Evans",2,25682.54,25682.54,25682.54,51365.07
"Adriana Francis",2,19538.12,19538.12,19538.12,39076.24
"Adriana Gates",1,27285.14,27285.14,27285.14,27285.14
"Adriana Gould",1,40606.46,40606.46,40606.46,40606.46
"Adriana Morrow",1,26437.77,26437.77,26437.77,26437.77
"Adriana Patton",1,3490.59,3490.59,3490.59,3490.59
"Adriana Sullivan",1,34426.79,34426.79,34426.79,34426.79
"Adrienne Barry",3,675.39,25169.19,8839.99,26519.97
"Adrienne Evans",1,10609.31,10609.31,10609.31,10609.31
"Adrienne Gibson",1,24254.53,24254.53,24254.53,24254.53
"Adrienne Howard",1,34366.00,34366.00,34366.00,34366.00
"Adrienne Jones",1,27409.53,27409.53,27409.53,27409.53
"Adrienne Kelley",1,33133.43,33133.43,33133.43,33133.43
"Adrienne Knight",1,41672.23,41672.23,41672.23,41672.23
"Adrienne Lopez",1,46424.22,46424.22,46424.22,46424.22
"Adrienne Matthews",1,35284.17,35284.17,35284.17,35284.17
"Adrienne Miles",1,16383.94,16383.94,16383.94,16383.94
"Adrienne Oneill",1,45918.21,45918.21,45918.21,45918.21
"Adrienne Reed",1,12720.24,12720.24,12720.24,12720.24
"Adrienne Rodriguez",1,14917.96,14917.96,14917.96,14917.96
"Adrienne Santiago",2,46454.70,46454.70,46454.70,92909.41
"Adrienne Schroeder",1,6873.57,6873.57,6873.57,6873.57
"Adrienne Stevens",1,32503.30,32503.30,32503.30,32503.30
"Adrienne Taylor",1,28777.21,28777.21,28777.21,28777.21
"Adrienne Terrell",1,27436.62,27436.62,27436.62,27436.62
"Aimee Garcia",1,9305.84,9305.84,9305.84,9305.84
"Aimee Johnson",2,12183.41,12183.41,12183.41,24366.82
"Aimee Maxwell",2,29664.52,29664.52,29664.52,59329.04
"Aimee Mclean",1,31015.51,31015.51,31015.51,31015.51
"Aimee Ramirez",1,43066.73,43066.73,43066.73,43066.73
"Aimee Reilly",2,13270.29,13270.29,13270.29,26540.58
"Aimee Rosario",1,33746.22,33746.22,33746.22,33746.22
"Aimee Russell",3,35582.34,48439.73,44153.93,132461.80
"Aimee Sosa",1,13165.67,13165.67,13165.67,13165.67
"Aimee Taylor",1,27016.09,27016.09,27016.09,27016.09
"Aimee Terry",2,28597.79,33910.95,31254.37,62508.73
"Aimee Turner",1,42191.25,42191.25,42191.25,42191.25
"Alan Anderson",1,26353.22,26353.22,26353.22,26353.22
"Alan Austin",1,2301.84,2301.84,2301.84,2301.84
"Alan Baker",1,32192.21,32192.21,32192.21,32192.21
"Alan Baldwin",1,42836.19,42836.19,42836.19,42836.19
"Alan Barnes",1,3361.33,3361.33,3361.33,3361.33
"Alan Beasley",1,47360.03,47360.03,47360.03,47360.03
"Alan Benson",1,13162.50,13162.50,13162.50,13162.50
"Alan Bradley",1,44034.04,44034.04,44034.04,44034.04
"Alan Butler",1,12007.80,12007.80,12007.80,12007.80
"Alan Cain",1,37544.80,37544.80,37544.80,37544.80
"Alan Choi",1,38103.96,38103.96,38103.96,38103.96
"Alan Church",1,5205.34,5205.34,5205.34,5205.34
"Alan Collins",2,40340.94,40340.94,40340.94,80681.89
"Alan Compton",1,9320.81,9320.81,9320.81,9320.81
"Alan Evans",1,7571.53,7571.53,7571.53,7571.53
"Alan Fernandez",1,30395.57,30395.57,30395.57,30395.57
"Alan Fletcher",1,7782.74,7782.74,7782.74,7782.74
"Alan Friedman",1,12443.11,12443.11,12443.11,12443.11
"Alan Fuller",1,23012.09,23012.09,23012.09,23012.09
"Alan Gilbert",1,43634.35,43634.35,43634.35,43634.35
"Alan Hart",3,3634.53,47142.18,32639.63,97918.89
"Alan Hendrix",1,42582.62,42582.62,42582.62,42582.62
"Alan Hernandez",1,14795.36,14795.36,14795.36,14795.36
"Alan Jones",1,23859.44,23859.44,23859.44,23859.44
"Alan Kline",1,29965.76,29965.76,29965.76,29965.76
"Alan Little",2,7340.62,7340.62,7340.62,14681.25
"Alan Long",2,31473.65,31473.65,31473.65,62947.31
"Alan Martinez",1,8196.57,8196.57,8196.57,8196.57
"Alan Mcfarland",1,14087.78,14087.78,14087.78,14087.78
"Alan Michael",1,25844.39,25844.39,25844.39,25844.39
"Alan Miller",1,47322.84,47322.84,47322.84,47322.84
"Alan Moore",1,15040.18,15040.18,15040.18,15040.18
"Alan Morgan",1,47949.77,47949.77,47949.77,47949.77
"Alan Morris",2,32816.81,39822.53,36319.67,72639.34
"Alan Murphy",2,18233.01,22218.65,20225.83,40451.65
"Alan Owens",1,37364.94,37364.94,37364.94,37364.94
"Alan Pena",1,28085.74,28085.74,28085.74,28085.74
"Alan Preston",1,22415.35,22415.35,22415.35,22415.35
"Alan Ritter",2,2698.25,2698.25,2698.25,5396.50
"Alan Robinson",1,30496.77,30496.77,30496.77,30496.77
"Alan Rubio",1,26254.58,26254.58,26254.58,26254.58
"Alan Russo",1,16276.29,16276.29,16276.29,16276.29
"Alan Savage",1,27091.67,27091.67,27091.67,27091.67
"Alan Scott",1,6513.95,6513.95,6513.95,6513.95
"Alan Swanson",1,47713.21,47713.21,47713.21,47713.21
"Alan Wade",1,47458.39,47458.39,47458.39,47458.39
"Alan Williams",1,39360.14,39360.14,39360.14,39360.14
"Albert Brooks",1,26200.61,26200.61,26200.61,26200.61
"Albert Carlson",1,39320.83,39320.83,39320.83,39320.83
"Albert Coleman",1,22596.10,22596.10,22596.10,22596.10
"Albert Franco",2,16814.75,16814.75,16814.75,33629.50
"Albert Gibson",1,17754.04,17754.04,17754.04,17754.04
"Albert Goodwin",1,45493.40,45493.40,45493.40,45493.40
"Albert Gordon",1,48016.34,48016.34,48016.34,48016.34
"Albert Hall",1,22924.15,22924.15,22924.15,22924.15
"Albert Johnson",1,17038.76,17038.76,17038.76,17038.76
"Albert Johnston",1,15121.25,15121.25,15121.25,15121.25
"Albert Knapp",1,26364.27,26364.27,26364.27,26364.27
"Albert Lowe",1,22573.44,22573.44,22573.44,22573.44
"Albert Mendez",1,21331.30,21331.30,21331.30,21331.30
"Albert Moore",1,29068.01,29068.01,29068.01,29068.01
"Albert Owen",1,21115.65,21115.65,21115.65,21115.65
"Albert Powell",1,29033.61,29033.61,29033.61,29033.61
"Albert Rice",1,14596.07,14596.07,14596.07,14596.07
"Albert Small",1,38411.23,38411.23,38411.23,38411.23
"Albert Smith DVM",1,7667.19,7667.19,7667.19,7667.19
"Albert Taylor",2,18453.80,43214.14,30833.97,61667.94
"Albert Terry",1,38223.06,38223.06,38223.06,38223.06
"Albert Thompson",1,29891.83,29891.83,29891.83,29891.83
"Albert Valenzuela",1,27752.82,27752.82,27752.82,27752.82
"Albert Williams",1,27050.10,27050.10,27050.10,27050.10
"Albert Wilson",1,18069.28,18069.28,18069.28,18069.28
"Albert Wright",1,46661.26,46661.26,46661.26,46661.26
"Alec Castillo",1,29043.73,29043.73,29043.73,29043.73
"Alec Cummings",1,46825.15,46825.15,46825.15,46825.15
"Alec Diaz",1,4688.10,4688.10,4688.10,4688.10
"Alec Flores",1,27495.34,27495.34,27495.34,27495.34
"Alec Gallegos",1,19763.25,19763.25,19763.25,19763.25
"Alec Jones",1,15479.27,15479.27,15479.27,15479.27
"Alec May",2,8926.29,8926.29,8926.29,17852.57
"Alec Mills",2,35512.19,35512.19,35512.19,71024.38
"Alec Ortiz",1,15462.25,15462.25,15462.25,15462.25
"Alec Pope",1,37889.88,37889.88,37889.88,37889.88
"Alec Turner",1,37189.28,37189.28,37189.28,37189.28
"Alejandra Clark",1,35953.45,35953.45,35953.45,35953.45
"Alejandra Cummings",2,24650.59,24650.59,24650.59,49301.19
"Alejandra Foster",1,13288.25,13288.25,13288.25,13288.25
"Alejandra Garcia",1,34596.83,34596.83,34596.83,34596.83
"Alejandra Martin",1,26528.04,26528.04,26528.04,26528.04
"Alejandra Martinez",1,25538.52,25538.52,25538.52,25538.52
"Alejandra Mccarty",1,23857.44,23857.44,23857.44,23857.44
"Alejandra Miller",1,16848.08,16848.08,16848.08,16848.08
"Alejandra Ochoa",1,47099.63,47099.63,47099.63,47099.63
"Alejandra Palmer",1,3626.06,3626.06,3626.06,3626.06
"Alejandra Ruiz",1,13362.76,13362.76,13362.76,13362.76
"Alejandra Welch",1,10072.76,10072.76,10072.76,10072.76
"Alejandra Williams",1,5936.18,5936.18,5936.18,5936.18
"Alejandro Brown",1,48064.82,48064.82,48064.82,48064.82
"Alejandro Cole",1,42472.25,42472.25,42472.25,42472.25
"Alejandro Davis",1,11848.08,11848.08,11848.08,11848.08
"Alejandro Edwards",1,4574.04,4574.04,4574.04,4574.04
"Alejandro Frederick",1,47277.61,47277.61,47277.61,47277.61
"Alejandro Harper",1,39402.96,39402.96,39402.96,39402.96
"Alejandro Hernandez",1,15094.04,15094.04,15094.04,15094.04
"Alejandro Kim",1,45324.81,45324.81,45324.81,45324.81
"Alejandro Lowery",1,17548.85,17548.85,17548.85,17548.85
"Alejandro Oneal",1,16626.26,16626.26,16626.26,16626.26
"Alejandro Pearson",1,26697.18,26697.18,26697.18,26697.18
"Alejandro Phillips",1,9372.17,9372.17,9372.17,9372.17
"Alejandro Rhodes",1,27959.02,27959.02,27959.02,27959.02
"Alejandro Rojas",1,33940.90,33940.90,33940.90,33940.90
"Alejandro Scott",2,2381.54,2381.54,2381.54,4763.08
"Alex Bailey",1,39086.15,39086.15,39086.15,39086.15
"Alex Banks",1,17554.96,17554.96,17554.96,17554.96
"Alex Berg",1,28998.12,28998.12,28998.12,28998.12
"Alex Brady",1,16871.92,16871.92,16871.92,16871.92
"Alex Brooks",1,33076.99,33076.99,33076.99,33076.99
"Alex Carroll",1,42444.67,42444.67,42444.67,42444.67
"Alex Chambers",1,29650.77,29650.77,29650.77,29650.77
"Alex Cooper",1,36185.59,36185.59,36185.59,36185.59
"Alex Cummings",1,41564.47,41564.47,41564.47,41564.47
"Alex Curtis III",1,5918.04,5918.04,5918.04,5918.04
"Alex Davis",1,37095.59,37095.59,37095.59,37095.59
"Alex Dominguez",2,37270.54,37270.54,37270.54,74541.07
"Alex Donovan",1,28541.48,28541.48,28541.48,28541.48
"Alex Edwards",1,33127.36,33127.36,33127.36,33127.36
"Alex Ewing",1,40745.25,40745.25,40745.25,40745.25
"Alex Fischer",1,18014.38,18014.38,18014.38,18014.38
"Alex Garcia",1,8749.64,8749.64,8749.64,8749.64
"Alex Goodman",1,39514.73,39514.73,39514.73,39514.73
"Alex Herrera",1,43296.34,43296.34,43296.34,43296.34
"Alex Hodge",1,16920.03,16920.03,16920.03,16920.03
"Alex Johnson",2,36043.01,51257.62,43650.32,87300.63
"Alex Lamb",1,20183.79,20183.79,20183.79,20183.79
"Alex Lane",1,31341.60,31341.60,31341.60,31341.60
"Alex Lopez",1,6767.88,6767.88,6767.88,6767.88
"Alex Mcintosh",1,3863.15,3863.15,3863.15,3863.15
"Alex Mcknight",2,5878.78,5878.78,5878.78,11757.56
"Alex Miller",2,8779.15,9527.55,9153.35,18306.71
"Alex Moore",2,18266.38,18266.38,18266.38,36532.76
"Alex Neal",2,2568.01,46018.04,24293.03,48586.06
"Alex Olson",1,24448.18,24448.18,24448.18,24448.18
"Alex Ortiz",1,8343.35,8343.35,8343.35,8343.35
"Alex Pope",2,22333.85,22333.85,22333.85,44667.69
"Alex Pruitt",1,5505.76,5505.76,5505.76,5505.76
"Alex Rivera",1,45088.56,45088.56,45088.56,45088.56
"Alex Ryan",1,40410.81,40410.81,40410.81,40410.81
"Alex Shelton",2,22953.58,22953.58,22953.58,45907.16
"Alex Thomas",1,13690.90,13690.90,13690.90,13690.90
"Alex Thornton",1,2989.07,2989.07,2989.07,2989.07
"Alex Torres",1,38864.55,38864.55,38864.55,38864.55
"Alex Tyler",1,49569.10,49569.10,49569.10,49569.10
"Alex Walsh",1,43773.16,43773.16,43773.16,43773.16
"Alex Wells",1,30746.63,30746.63,30746.63,30746.63
"Alex Williams",1,35639.49,35639.49,35639.49,35639.49
"Alex Wilson",1,8019.06,8019.06,8019.06,8019.06
"Alexa Burnett",1,21462.35,21462.35,21462.35,21462.35
"Alexa Cox",1,24198.41,24198.41,24198.41,24198.41
"Alexa Espinoza",1,39066.97,39066.97,39066.97,39066.97
"Alexa Garrett",1,8320.32,8320.32,8320.32,8320.32
"Alexa Hernandez",1,38037.99,38037.99,38037.99,38037.99
"Alexa Hill",2,5724.73,5724.73,5724.73,11449.46
"Alexa King",1,26117.86,26117.86,26117.86,26117.86
"Alexa Lawson",1,43459.11,43459.11,43459.11,43459.11
"Alexa Lopez",1,113.40,113.40,113.40,113.40
"Alexa Mccarthy",1,1951.05,1951.05,1951.05,1951.05
"Alexa Perez",2,2652.43,2652.43,2652.43,5304.86
"Alexa Perry",2,8832.00,8832.00,8832.00,17664.00
"Alexa Phillips",2,10561.39,10561.39,10561.39,21122.78
"Alexa Vasquez",1,32537.49,32537.49,32537.49,32537.49
"Alexander Allen",1,44186.25,44186.25,44186.25,44186.25
"Alexander Armstrong",1,30325.50,30325.50,30325.50,30325.50
"Alexander Ayala",1,32014.02,32014.02,32014.02,32014.02
"Alexander Bailey",3,14382.65,37037.12,23994.82,71984.47
"Alexander Baker",1,33177.72,33177.72,33177.72,33177.72
"Alexander Beck",1,5808.02,5808.02,5808.02,5808.02
"Alexander Bennett",1,9344.80,9344.80,9344.80,9344.80
"Alexander Blackwell",1,41769.88,41769.88,41769.88,41769.88
"Alexander Briggs",1,33062.84,33062.84,33062.84,33062.84
"Alexander Brown",1,120.82,120.82,120.82,120.82
"Alexander Bruce",1,30173.29,30173.29,30173.29,30173.29
"Alexander Burnett",1,19653.22,19653.22,19653.22,19653.22
"Alexander Carr",1,38607.75,38607.75,38607.75,38607.75
"Alexander Carroll",1,4241.44,4241.44,4241.44,4241.44
"Alexander Carter",1,5505.07,5505.07,5505.07,5505.07
"Alexander Castillo",1,38629.27,38629.27,38629.27,38629.27
"Alexander Charles",1,4499.39,4499.39,4499.39,4499.39
"Alexander Cline",1,2450.99,2450.99,2450.99,2450.99
"Alexander Cobb",2,4921.16,4921.16,4921.16,9842.31
"Alexander Daniels",2,13762.46,13762.46,13762.46,27524.93
"Alexander David",1,38904.37,38904.37,38904.37,38904.37
"Alexander Davis",1,45040.00,45040.00,45040.00,45040.00
"Alexander Douglas",1,29780.47,29780.47,29780.47,29780.47
"Alexander Duarte",2,45140.82,45140.82,45140.82,90281.64
"Alexander Duke",2,26921.73,26921.73,26921.73,53843.45
"Alexander Dunn",1,13684.23,13684.23,13684.23,13684.23
"Alexander Ferguson",1,17107.63,17107.63,17107.63,17107.63
"Alexander Fox",2,3990.87,3990.87,3990.87,7981.75
"Alexander Freeman",1,5168.95,5168.95,5168.95,5168.95
"Alexander Frye",1,13027.04,13027.04,13027.04,13027.04
"Alexander Garcia",2,21879.53,40062.97,30971.25,61942.50
"Alexander Garza",1,33427.91,33427.91,33427.91,33427.91
"Alexander Gibson",1,7290.48,7290.48,7290.48,7290.48
"Alexander Glover",1,8771.19,8771.19,8771.19,8771.19
"Alexander Gomez",1,22150.89,22150.89,22150.89,22150.89
"Alexander Gray",1,27851.83,27851.83,27851.83,27851.83
"Alexander Gutierrez",1,38472.25,38472.25,38472.25,38472.25
"Alexander Harris",2,9890.29,10585.15,10237.72,20475.44
"Alexander Harvey",1,41056.84,41056.84,41056.84,41056.84
"Alexander Hebert",2,31912.82,31912.82,31912.82,63825.65
"Alexander Hendrix",1,42341.98,42341.98,42341.98,42341.98
"Alexander Higgins",1,8656.08,8656.08,8656.08,8656.08
"Alexander Hines",1,45045.74,45045.74,45045.74,45045.74
"Alexander Hodge",1,39521.60,39521.60,39521.60,39521.60
"Alexander Hopkins",1,35692.13,35692.13,35692.13,35692.13
"Alexander Horton",2,30296.01,30296.01,30296.01,60592.03
"Alexander Hull",1,19134.40,19134.40,19134.40,19134.40
"Alexander Hunt",2,29590.21,30751.15,30170.68,60341.36
"Alexander Jackson",3,7799.53,22439.01,13934.54,41803.61
"Alexander James",2,12086.54,12438.16,12262.35,24524.70
"Alexander Jenkins",1,3923.97,3923.97,3923.97,3923.97
"Alexander Johnson",3,21626.60,32605.53,28344.16,85032.48
"Alexander Jones",2,28084.48,42767.27,35425.88,70851.75
"Alexander King",1,51661.01,51661.01,51661.01,51661.01
"Alexander Klein",1,34707.18,34707.18,34707.18,34707.18
"Alexander Kramer",1,9656.83,9656.83,9656.83,9656.83
"Alexander Lawson",1,17203.00,17203.00,17203.00,17203.00
"Alexander Lee",1,42289.00,42289.00,42289.00,42289.00
"Alexander Lester",1,43011.68,43011.68,43011.68,43011.68
"Alexander Love",1,18290.56,18290.56,18290.56,18290.56
"Alexander Manning",1,26988.40,26988.40,26988.40,26988.40
"Alexander Martin",1,36257.63,36257.63,36257.63,36257.63
"Alexander Martinez",3,4532.62,37240.75,16298.62,48895.87
"Alexander Mcintosh",1,7475.74,7475.74,7475.74,7475.74
"Alexander Meyer",1,35431.86,35431.86,35431.86,35431.86
"Alexander Miller",2,25133.62,40056.93,32595.27,65190.55
"Alexander Mills",2,44678.04,44678.04,44678.04,89356.09
"Alexander Mitchell",1,31160.96,31160.96,31160.96,31160.96
"Alexander Monroe",2,9103.99,20821.18,14962.58,29925.17
"Alexander Montgomery",1,46945.24,46945.24,46945.24,46945.24
"Alexander Moore",3,15579.67,31033.09,21438.44,64315.33
"Alexander Moreno",1,14914.56,14914.56,14914.56,14914.56
"Alexander Morgan",1,34712.23,34712.23,34712.23,34712.23
"Alexander Morris",1,10921.45,10921.45,10921.45,10921.45
"Alexander Murphy",1,39745.16,39745.16,39745.16,39745.16
"Alexander Murray",1,33644.64,33644.64,33644.64,33644.64
"Alexander Myers",1,47379.28,47379.28,47379.28,47379.28
"Alexander Nguyen",1,49984.57,49984.57,49984.57,49984.57
"Alexander Nicholson",1,35272.28,35272.28,35272.28,35272.28
"Alexander Oconnor",1,43899.37,43899.37,43899.37,43899.37
"Alexander Pacheco",1,12647.02,12647.02,12647.02,12647.02
"Alexander Parks",1,33323.46,33323.46,33323.46,33323.46
"Alexander Patterson",1,10135.87,10135.87,10135.87,10135.87
"Alexander Peterson",1,19285.46,19285.46,19285.46,19285.46
"Alexander Ponce",1,48130.09,48130.09,48130.09,48130.09
"Alexander Preston",1,14150.51,14150.51,14150.51,14150.51
"Alexander Price",1,26740.65,26740.65,26740.65,26740.65
"Alexander Prince",1,13631.25,13631.25,13631.25,13631.25
"Alexander Randall",1,44355.36,44355.36,44355.36,44355.36
"Alexander Rivera",1,17679.03,17679.03,17679.03,17679.03
"Alexander Robinson",2,2454.64,5814.75,4134.69,8269.38
"Alexander Robles",1,2076.33,2076.33,2076.33,2076.33
"Alexander Rodriguez",3,15222.29,30617.11,21754.82,65264.46
"Alexander Ruiz",1,40791.56,40791.56,40791.56,40791.56
"Alexander Ryan",1,14344.82,14344.82,14344.82,14344.82
"Alexander Sanchez",2,7770.18,11987.19,9878.69,19757.38
"Alexander Sanders",1,27102.67,27102.67,27102.67,27102.67
"Alexander Scott",2,45422.62,45422.62,45422.62,90845.24
"Alexander Shelton",1,8210.61,8210.61,8210.61,8210.61
"Alexander Smith",4,16030.34,43748.82,30826.88,123307.51
"Alexander Smith DDS",1,48450.94,48450.94,48450.94,48450.94
"Alexander Stanley",2,35074.36,35074.36,35074.36,70148.72
"Alexander Stephens",1,18068.32,18068.32,18068.32,18068.32
"Alexander Stewart",3,14503.76,33458.01,22818.50,68455.51
"Alexander Swanson",1,32362.39,32362.39,32362.39,32362.39
"Alexander Terry",1,26777.33,26777.33,26777.33,26777.33
"Alexander Vasquez",1,47186.14,47186.14,47186.14,47186.14
"Alexander Villarreal",1,4287.40,4287.40,4287.40,4287.40
"Alexander Villegas",1,45813.51,45813.51,45813.51,45813.51
"Alexander Walters",2,31401.50,31401.50,31401.50,62803.00
"Alexander Washington",1,13750.61,13750.61,13750.61,13750.61
"Alexander Watkins",1,17025.86,17025.86,17025.86,17025.86
"Alexander Watson",1,37636.49,37636.49,37636.49,37636.49
"Alexander White",1,15235.71,15235.71,15235.71,15235.71
"Alexander Wiley",1,31466.70,31466.70,31466.70,31466.70
"Alexander Williams",2,22805.15,34814.40,28809.77,57619.54
"Alexandra Ballard",1,7877.48,7877.48,7877.48,7877.48
"Alexandra Barnes",2,1316.52,1316.52,1316.52,2633.03
"Alexandra Barnett",1,39705.71,39705.71,39705.71,39705.71
"Alexandra Bennett",1,42615.24,42615.24,42615.24,42615.24
"Alexandra Bowen",1,31252.17,31252.17,31252.17,31252.17
"Alexandra Buck",1,31736.51,31736.51,31736.51,31736.51
"Alexandra Caldwell",1,17889.72,17889.72,17889.72,17889.72
"Alexandra Camacho",1,45881.82,45881.82,45881.82,45881.82
"Alexandra Cantrell",1,4928.47,4928.47,4928.47,4928.47
"Alexandra Cardenas",1,11694.68,11694.68,11694.68,11694.68
"Alexandra Case",1,47224.16,47224.16,47224.16,47224.16
"Alexandra Cherry",1,11246.51,11246.51,11246.51,11246.51
"Alexandra Daniels",1,40960.84,40960.84,40960.84,40960.84
"Alexandra Davis",1,39191.57,39191.57,39191.57,39191.57
"Alexandra Erickson",1,21426.40,21426.40,21426.40,21426.40
"Alexandra Flores",1,49522.00,49522.00,49522.00,49522.00
"Alexandra Frye",1,48253.92,48253.92,48253.92,48253.92
"Alexandra Fuller",1,24703.14,24703.14,24703.14,24703.14
"Alexandra Gallagher",1,5162.94,5162.94,5162.94,5162.94
"Alexandra Garcia",1,34806.84,34806.84,34806.84,34806.84
"Alexandra Gentry",1,5510.76,5510.76,5510.76,5510.76
"Alexandra Gould",2,6364.48,6364.48,6364.48,12728.97
"Alexandra Hall",1,26884.24,26884.24,26884.24,26884.24
"Alexandra Hayes",1,40606.79,40606.79,40606.79,40606.79
"Alexandra Hernandez",1,29227.02,29227.02,29227.02,29227.02
"Alexandra Holmes",1,13412.60,13412.60,13412.60,13412.60
"Alexandra Howard",1,39605.89,39605.89,39605.89,39605.89
"Alexandra Howell",1,31193.33,31193.33,31193.33,31193.33
"Alexandra Jones",1,14092.73,14092.73,14092.73,14092.73
"Alexandra Kaufman",1,14887.05,14887.05,14887.05,14887.05
"Alexandra Kim",1,30502.46,30502.46,30502.46,30502.46
"Alexandra Knapp",1,818.36,818.36,818.36,818.36
"Alexandra Lawson",2,27079.95,27079.95,27079.95,54159.90
"Alexandra Livingston",1,14758.47,14758.47,14758.47,14758.47
"Alexandra Martin",2,27054.30,38752.19,32903.24,65806.49
"Alexandra Mcdonald",1,35487.84,35487.84,35487.84,35487.84
"Alexandra Melton",2,47802.65,47802.65,47802.65,95605.30
"Alexandra Meyers",1,39194.54,39194.54,39194.54,39194.54
"Alexandra Mitchell",2,35137.32,35137.32,35137.32,70274.64
"Alexandra Morrison",1,23876.02,23876.02,23876.02,23876.02
"Alexandra Olson",1,49104.95,49104.95,49104.95,49104.95
"Alexandra Pena",1,37153.38,37153.38,37153.38,37153.38
"Alexandra Ramos",1,10029.20,10029.20,10029.20,10029.20
"Alexandra Reynolds",1,32870.48,32870.48,32870.48,32870.48
"Alexandra Rice",1,21467.27,21467.27,21467.27,21467.27
"Alexandra Richard",1,37977.47,37977.47,37977.47,37977.47
"Alexandra Richardson",2,12266.76,32966.21,22616.49,45232.97
"Alexandra Riddle",2,2890.28,2890.28,2890.28,5780.56
"Alexandra Roberts",2,7377.81,29669.82,18523.82,37047.63
"Alexandra Ross",1,19000.79,19000.79,19000.79,19000.79
"Alexandra Ruiz",1,23307.51,23307.51,23307.51,23307.51
"Alexandra Russell",1,24763.46,24763.46,24763.46,24763.46
"Alexandra Sanchez",2,44798.21,44798.21,44798.21,89596.42
"Alexandra Sanders",1,51169.26,51169.26,51169.26,51169.26
"Alexandra Sexton",1,51634.10,51634.10,51634.10,51634.10
"Alexandra Shelton",1,12196.45,12196.45,12196.45,12196.45
"Alexandra Sims",1,31444.09,31444.09,31444.09,31444.09
"Alexandra Smith",1,38651.93,38651.93,38651.93,38651.93
"Alexandra Stein",1,23379.92,23379.92,23379.92,23379.92
"Alexandra Stevens",1,3542.69,3542.69,3542.69,3542.69
"Alexandra Sullivan",1,1398.77,1398.77,1398.77,1398.77
"Alexandra Walker",1,27514.54,27514.54,27514.54,27514.54
"Alexandra Warren",2,30100.51,30100.51,30100.51,60201.02
"Alexandra Wiggins",1,45799.86,45799.86,45799.86,45799.86
"Alexandra Williams",2,10766.75,38214.92,24490.84,48981.67
"Alexandria Anderson",1,2887.68,2887.68,2887.68,2887.68
"Alexandria Bridges",1,23392.21,23392.21,23392.21,23392.21
"Alexandria Cruz",1,11847.11,11847.11,11847.11,11847.11
"Alexandria Dodson",1,37873.08,37873.08,37873.08,37873.08
"Alexandria Drake",1,32786.32,32786.32,32786.32,32786.32
"Alexandria Foley",1,12435.63,12435.63,12435.63,12435.63
"Alexandria French",1,7555.25,7555.25,7555.25,7555.25
"Alexandria Gates",1,19277.74,19277.74,19277.74,19277.74
"Alexandria Harris",1,6117.89,6117.89,6117.89,6117.89
"Alexandria Hicks",1,33452.73,33452.73,33452.73,33452.73
"Alexandria Johnson",1,24142.34,24142.34,24142.34,24142.34
"Alexandria Lambert",1,40416.49,40416.49,40416.49,40416.49
"Alexandria Martinez",1,7869.73,7869.73,7869.73,7869.73
"Alexandria Merritt",2,25548.32,25548.32,25548.32,51096.64
"Alexandria Miller",1,44061.15,44061.15,44061.15,44061.15
"Alexandria Monroe",1,1542.04,1542.04,1542.04,1542.04
"Alexandria Moreno",1,29844.36,29844.36,29844.36,29844.36
"Alexandria Pearson",1,7389.81,7389.81,7389.81,7389.81
"Alexandria Phillips",1,17383.27,17383.27,17383.27,17383.27
"Alexandria Rodriguez",1,10936.13,10936.13,10936.13,10936.13
"Alexandria Santos",1,14210.94,14210.94,14210.94,14210.94
"Alexandria Smith",1,4361.29,4361.29,4361.29,4361.29
"Alexandria Wiley",2,30868.02,30868.02,30868.02,61736.04
"Alexandria Wilkins",2,32235.48,32235.48,32235.48,64470.97
"Alexandria Woods",1,43117.75,43117.75,43117.75,43117.75
"Alexandria Wright",1,47464.12,47464.12,47464.12,47464.12
"Alexandria Young",1,26261.90,26261.90,26261.90,26261.90
"Alexis Anderson",1,9588.95,9588.95,9588.95,9588.95
"Alexis Austin",1,42490.51,42490.51,42490.51,42490.51
"Alexis Ball",1,11797.63,11797.63,11797.63,11797.63
"Alexis Barber",1,44160.08,44160.08,44160.08,44160.08
"Alexis Bradford",2,37458.16,37458.16,37458.16,74916.32
"Alexis Bradley",1,21215.31,21215.31,21215.31,21215.31
"Alexis Brown",2,38405.35,39130.12,38767.73,77535.47
"Alexis Bryan",1,27365.98,27365.98,27365.98,27365.98
"Alexis Burch",1,8401.15,8401.15,8401.15,8401.15
"Alexis Campbell",1,31464.71,31464.71,31464.71,31464.71
"Alexis Cohen",1,8464.98,8464.98,8464.98,8464.98
"Alexis Colon",1,14032.57,14032.57,14032.57,14032.57
"Alexis Cooper",1,18322.52,18322.52,18322.52,18322.52
"Alexis Davis",1,21642.23,21642.23,21642.23,21642.23
"Alexis Dodson",2,5203.05,16738.82,10970.94,21941.88
"Alexis Eaton",1,47459.96,47459.96,47459.96,47459.96
"Alexis Espinoza",1,31884.52,31884.52,31884.52,31884.52
"Alexis Fletcher",1,12185.96,12185.96,12185.96,12185.96
"Alexis Garrison",2,8501.15,8501.15,8501.15,17002.30
"Alexis Garza",1,13124.52,13124.52,13124.52,13124.52
"Alexis Gomez",1,45545.57,45545.57,45545.57,45545.57
"Alexis Gonzales",1,46157.43,46157.43,46157.43,46157.43
"Alexis Gonzalez",1,45903.33,45903.33,45903.33,45903.33
"Alexis Green",1,15131.12,15131.12,15131.12,15131.12
"Alexis Hall",1,31697.06,31697.06,31697.06,31697.06
"Alexis Hamilton",1,29916.12,29916.12,29916.12,29916.12
"Alexis Harris",1,45752.21,45752.21,45752.21,45752.21
"Alexis Hernandez",1,38242.49,38242.49,38242.49,38242.49
"Alexis Horton",1,26615.57,26615.57,26615.57,26615.57
"Alexis Hunter",1,48795.41,48795.41,48795.41,48795.41
"Alexis Ingram",1,44015.87,44015.87,44015.87,44015.87
"Alexis Johnson",2,25231.73,43196.09,34213.91,68427.82
"Alexis Jones",3,13304.50,40851.57,23208.70,69626.11
"Alexis Kelly",2,5680.75,44690.93,25185.84,50371.68
"Alexis Knight",2,4554.35,11791.64,8173.00,16345.99
"Alexis Knox",1,8452.18,8452.18,8452.18,8452.18
"Alexis Landry",1,26176.31,26176.31,26176.31,26176.31
"Alexis Lawrence",2,33323.19,33323.19,33323.19,66646.39
"Alexis Lowery",2,16887.35,16887.35,16887.35,33774.71
"Alexis Marsh",1,39056.08,39056.08,39056.08,39056.08
"Alexis Martin",1,23876.81,23876.81,23876.81,23876.81
"Alexis Mason",1,39576.99,39576.99,39576.99,39576.99
"Alexis Massey",1,45521.88,45521.88,45521.88,45521.88
"Alexis Merritt",1,12536.01,12536.01,12536.01,12536.01
"Alexis Meyer",1,46152.83,46152.83,46152.83,46152.83
"Alexis Moore",2,2524.93,15497.84,9011.39,18022.78
"Alexis Morris",1,48255.76,48255.76,48255.76,48255.76
"Alexis Morrison",1,5717.96,5717.96,5717.96,5717.96
"Alexis Parker",1,41673.83,41673.83,41673.83,41673.83
"Alexis Parsons",1,37990.83,37990.83,37990.83,37990.83
"Alexis Pineda",1,15913.86,15913.86,15913.86,15913.86
"Alexis Porter",1,39421.49,39421.49,39421.49,39421.49
"Alexis Ramos",1,14419.17,14419.17,14419.17,14419.17
"Alexis Richards",1,4300.78,4300.78,4300.78,4300.78
"Alexis Robbins",2,48929.15,48929.15,48929.15,97858.30
"Alexis Roberts",1,3064.55,3064.55,3064.55,3064.55
"Alexis Robinson",2,19096.53,31990.02,25543.27,51086.55
"Alexis Sanchez",1,30375.72,30375.72,30375.72,30375.72
"Alexis Sandoval",1,24954.10,24954.10,24954.10,24954.10
"Alexis Sawyer",1,21537.79,21537.79,21537.79,21537.79
"Alexis Schneider",1,23637.80,23637.80,23637.80,23637.80
"Alexis Sullivan",2,24887.58,47226.36,36056.97,72113.93
"Alexis Thomas",1,44327.28,44327.28,44327.28,44327.28
"Alexis Valdez",1,10468.33,10468.33,10468.33,10468.33
"Alexis Walker",3,27688.56,37756.08,31044.40,93133.20
"Alexis Waller",1,26430.28,26430.28,26430.28,26430.28
"Alexis Walsh",1,42351.90,42351.90,42351.90,42351.90
"Alexis Williams",1,19475.64,19475.64,19475.64,19475.64
"Alexis Winters",2,3748.91,3748.91,3748.91,7497.82
"Alexis Wood",1,3876.26,3876.26,3876.26,3876.26
"Alexis Young",1,8464.49,8464.49,8464.49,8464.49
"Alfred Macias",1,19074.08,19074.08,19074.08,19074.08
"Alfred Mcfarland",2,22059.50,22059.50,22059.50,44119.01
"Alfred Sanchez",1,4271.88,4271.88,4271.88,4271.88
"Alfred Sweeney",1,43841.35,43841.35,43841.35,43841.35
"Alice Adkins",1,21424.86,21424.86,21424.86,21424.86
"Alice Fitzpatrick",1,26807.92,26807.92,26807.92,26807.92
"Alice Green",1,16342.84,16342.84,16342.84,16342.84
"Alice Henson",1,28468.69,28468.69,28468.69,28468.69
"Alice Johnson",1,13987.71,13987.71,13987.71,13987.71
"Alice Jones",1,42724.51,42724.51,42724.51,42724.51
"Alice Mccullough",1,6967.11,6967.11,6967.11,6967.11
"Alice Moore",1,47579.97,47579.97,47579.97,47579.97
"Alice Sheppard",1,25982.20,25982.20,25982.20,25982.20
"Alice Wright",1,25454.53,25454.53,25454.53,25454.53
"Alice Yang",1,11182.11,11182.11,11182.11,11182.11
"Alicia Acosta",1,18592.89,18592.89,18592.89,18592.89
"Alicia Allen",1,22694.09,22694.09,22694.09,22694.09
"Alicia Anderson",1,36684.53,36684.53,36684.53,36684.53
"Alicia Barry",1,45864.87,45864.87,45864.87,45864.87
"Alicia Beard",1,6283.83,6283.83,6283.83,6283.83
"Alicia Bennett",2,36175.47,36175.47,36175.47,72350.93
"Alicia Bowers",1,27128.44,27128.44,27128.44,27128.44
"Alicia Bowman",1,39663.80,39663.80,39663.80,39663.80
"Alicia Brown",1,43490.19,43490.19,43490.19,43490.19
"Alicia Buchanan",1,42227.98,42227.98,42227.98,42227.98
"Alicia Burke",1,50130.92,50130.92,50130.92,50130.92
"Alicia Burton",1,45641.09,45641.09,45641.09,45641.09
"Alicia Clark",1,12926.66,12926.66,12926.66,12926.66
"Alicia Collins MD",1,40810.46,40810.46,40810.46,40810.46
"Alicia Cooley",1,27727.14,27727.14,27727.14,27727.14
"Alicia Davis",1,39936.58,39936.58,39936.58,39936.58
"Alicia Downs",1,34218.36,34218.36,34218.36,34218.36
"Alicia Everett",2,4457.87,4457.87,4457.87,8915.73
"Alicia Fisher",1,33836.46,33836.46,33836.46,33836.46
"Alicia Foster",1,10771.33,10771.33,10771.33,10771.33
"Alicia Freeman",1,7408.17,7408.17,7408.17,7408.17
"Alicia Friedman",1,2770.90,2770.90,2770.90,2770.90
"Alicia Garcia",3,5271.15,48877.96,19806.76,59420.27
"Alicia Garza",1,32447.56,32447.56,32447.56,32447.56
"Alicia Gentry",1,21201.73,21201.73,21201.73,21201.73
"Alicia Glenn",1,4475.61,4475.61,4475.61,4475.61
"Alicia Griffin",1,1871.76,1871.76,1871.76,1871.76
"Alicia Hall",1,21431.17,21431.17,21431.17,21431.17
"Alicia Harris",1,15118.95,15118.95,15118.95,15118.95
"Alicia Higgins",1,12854.18,12854.18,12854.18,12854.18
"Alicia Holt MD",1,32433.58,32433.58,32433.58,32433.58
"Alicia Howard",2,31069.81,31069.81,31069.81,62139.62
"Alicia Howell",2,2306.02,33204.84,17755.43,35510.86
"Alicia Hunt",1,27111.28,27111.28,27111.28,27111.28
"Alicia Jacobs",1,14317.50,14317.50,14317.50,14317.50
"Alicia Johnson DDS",1,33003.33,33003.33,33003.33,33003.33
"Alicia Jones",1,8241.59,8241.59,8241.59,8241.59
"Alicia Kirby",1,45106.82,45106.82,45106.82,45106.82
"Alicia Kramer",1,17042.29,17042.29,17042.29,17042.29
"Alicia Lee",2,27986.13,27986.13,27986.13,55972.27
"Alicia Lewis",1,48228.74,48228.74,48228.74,48228.74
"Alicia Lopez",2,13072.04,38365.87,25718.96,51437.91
"Alicia Marsh",1,9629.41,9629.41,9629.41,9629.41
"Alicia Martin",1,17871.33,17871.33,17871.33,17871.33
"Alicia Mccoy",1,41114.10,41114.10,41114.10,41114.10
"Alicia Miller",1,37270.26,37270.26,37270.26,37270.26
"Alicia Moore",4,897.34,22096.79,14076.13,56304.50
"Alicia Nelson",1,30198.66,30198.66,30198.66,30198.66
"Alicia Ortega",1,28672.86,28672.86,28672.86,28672.86
"Alicia Padilla",1,860.74,860.74,860.74,860.74
"Alicia Parsons",1,37886.57,37886.57,37886.57,37886.57
"Alicia Paul",1,37774.47,37774.47,37774.47,37774.47
"Alicia Perez",2,16203.21,16203.21,16203.21,32406.42
"Alicia Peterson",1,15858.31,15858.31,15858.31,15858.31
"Alicia Pierce",1,14281.19,14281.19,14281.19,14281.19
"Alicia Porter",1,42572.32,42572.32,42572.32,42572.32
"Alicia Ramirez",1,43491.10,43491.10,43491.10,43491.10
"Alicia Ray",1,24494.78,24494.78,24494.78,24494.78
"Alicia Rogers",1,28644.14,28644.14,28644.14,28644.14
"Alicia Rose",1,4407.77,4407.77,4407.77,4407.77
"Alicia Russo",1,30010.78,30010.78,30010.78,30010.78
"Alicia Ryan",1,34125.80,34125.80,34125.80,34125.80
"Alicia Salas",3,33000.41,34886.70,33629.17,100887.51
"Alicia Salinas",1,46002.59,46002.59,46002.59,46002.59
"Alicia Santiago",1,22671.30,22671.30,22671.30,22671.30
"Alicia Smith",7,8272.12,49653.27,39978.94,279852.61
"Alicia Taylor",1,5377.38,5377.38,5377.38,5377.38
"Alicia Thomas",2,9578.50,19824.35,14701.42,29402.85
"Alicia Thompson",1,-75.82,-75.82,-75.82,-75.82
"Alicia Vasquez",2,12250.93,27339.24,19795.09,39590.17
"Alicia Vaughn",1,26610.18,26610.18,26610.18,26610.18
"Alicia Wade",1,16928.79,16928.79,16928.79,16928.79
"Alicia Welch",1,43366.43,43366.43,43366.43,43366.43
"Alicia West",1,30406.99,30406.99,30406.99,30406.99
"Alicia White",1,28176.55,28176.55,28176.55,28176.55
"Alicia Williams",1,47338.13,47338.13,47338.13,47338.13
"Alisha Adams",2,21503.60,40614.63,31059.11,62118.23
"Alisha Davila",1,18426.40,18426.40,18426.40,18426.40
"Alisha Flores",2,4672.05,40026.76,22349.41,44698.81
"Alisha Fox",1,13026.28,13026.28,13026.28,13026.28
"Alisha Hansen",1,34965.98,34965.98,34965.98,34965.98
"Alisha Jarvis",1,31332.19,31332.19,31332.19,31332.19
"Alisha Jones",1,42131.40,42131.40,42131.40,42131.40
"Alisha Lambert",1,23613.74,23613.74,23613.74,23613.74
"Alisha Lopez",1,32958.39,32958.39,32958.39,32958.39
"Alisha Mendoza",1,37106.48,37106.48,37106.48,37106.48
"Alisha Trujillo",1,23134.58,23134.58,23134.58,23134.58
"Alisha Tucker",1,38871.32,38871.32,38871.32,38871.32
"Alisha Valentine",1,38081.61,38081.61,38081.61,38081.61
"Alisha Vega",1,41028.95,41028.95,41028.95,41028.95
"Alisha Warren",1,18237.23,18237.23,18237.23,18237.23
"Alisha Williamson",1,24824.74,24824.74,24824.74,24824.74
"Alison Adams",2,3291.47,25631.12,14461.30,28922.59
"Alison Bennett",1,49191.65,49191.65,49191.65,49191.65
"Alison Brennan",1,20307.44,20307.44,20307.44,20307.44
"Alison Castro",1,23724.68,23724.68,23724.68,23724.68
"Alison Cochran",1,17787.56,17787.56,17787.56,17787.56
"Alison Cole",2,8220.10,8220.10,8220.10,16440.19
"Alison Cook",1,27310.20,27310.20,27310.20,27310.20
"Alison Craig MD",1,46972.81,46972.81,46972.81,46972.81
"Alison Garrett",1,7029.60,7029.60,7029.60,7029.60
"Alison Garrison",1,6960.70,6960.70,6960.70,6960.70
"Alison Hampton",1,18046.41,18046.41,18046.41,18046.41
"Alison Harris",1,16441.34,16441.34,16441.34,16441.34
"Alison Hart",1,41732.06,41732.06,41732.06,41732.06
"Alison Heath",1,47268.07,47268.07,47268.07,47268.07
"Alison Hernandez",1,24774.46,24774.46,24774.46,24774.46
"Alison Huff",1,24532.65,24532.65,24532.65,24532.65
"Alison Humphrey",1,1633.26,1633.26,1633.26,1633.26
"Alison Hunt",1,13628.08,13628.08,13628.08,13628.08
"Alison Jackson",2,6241.39,6241.39,6241.39,12482.78
"Alison Joyce",1,32764.47,32764.47,32764.47,32764.47
"Alison Keith",1,35495.60,35495.60,35495.60,35495.60
"Alison Krause",2,4813.49,4813.49,4813.49,9626.98
"Alison Martin",1,48898.95,48898.95,48898.95,48898.95
"Alison Martinez",2,33743.34,50621.32,42182.33,84364.66
"Alison Mcdowell",1,985.46,985.46,985.46,985.46
"Alison Mclaughlin",1,44748.52,44748.52,44748.52,44748.52
"Alison Mills",1,20049.31,20049.31,20049.31,20049.31
"Alison Moore",1,38255.65,38255.65,38255.65,38255.65
"Alison Nash",1,18494.66,18494.66,18494.66,18494.66
"Alison Nelson",1,8952.63,8952.63,8952.63,8952.63
"Alison Phillips",1,23592.69,23592.69,23592.69,23592.69
"Alison Powell",1,7019.70,7019.70,7019.70,7019.70
"Alison Rodriguez",1,20453.50,20453.50,20453.50,20453.50
"Alison Russell",1,13355.07,13355.07,13355.07,13355.07
"Alison Smith",1,48960.24,48960.24,48960.24,48960.24
"Alison Stevens",1,25543.56,25543.56,25543.56,25543.56
"Alison Thomas",1,17459.33,17459.33,17459.33,17459.33
"Alison Trujillo",1,35198.70,35198.70,35198.70,35198.70
"Alison Webster",1,26985.66,26985.66,26985.66,26985.66
"Alison Wilcox",1,2918.97,2918.97,2918.97,2918.97
"Alison Williams",1,36985.35,36985.35,36985.35,36985.35
"Allen Anderson",1,7397.18,7397.18,7397.18,7397.18
"Allen Bates",1,46133.75,46133.75,46133.75,46133.75
