Hospital,Treatment_Count,Billing_Amount_Min,Billing_Amount_Max,Billing_Amount_Avg,Billing_Amount_Total
"Abbott and Thompson, Sullivan",1,16738.57,16738.57,16738.57,16738.57
"Abbott Inc",1,38052.04,38052.04,38052.04,38052.04
"Abbott Ltd",1,29877.59,29877.59,29877.59,29877.59
"Abbott Moore and Williams,",1,24799.60,24799.60,24799.60,24799.60
"Abbott, Peters and Hoffman",2,18842.40,18842.40,18842.40,37684.79
"Abbott, Vazquez Bautista and",1,14117.14,14117.14,14117.14,14117.14
Abbott-Castillo,1,18397.74,18397.74,18397.74,18397.74
Abbott-Coleman,1,19752.00,19752.00,19752.00,19752.00
Abbott-Ferrell,1,99.93,99.93,99.93,99.93
Abbott-Hill,1,13260.14,13260.14,13260.14,13260.14
Abbott-Jones,1,49039.71,49039.71,49039.71,49039.71
Abbott-Martin,2,41462.35,48968.88,45215.61,90431.23
Abbott-Rios,1,35798.35,35798.35,35798.35,35798.35
Abbott-Wilson,1,23968.51,23968.51,23968.51,23968.51
"Acevedo and Ellis, Snyder",1,33490.60,33490.60,33490.60,33490.60
"Acevedo and Hart, Hernandez",2,7148.11,7148.11,7148.11,14296.21
"Acevedo and Howard Burke,",1,31015.27,31015.27,31015.27,31015.27
"Acevedo and Larson Andrews,",1,34339.76,34339.76,34339.76,34339.76
"Acevedo and Lewis Barker,",1,4867.31,4867.31,4867.31,4867.31
"Acevedo Group",1,25420.54,25420.54,25420.54,25420.54
"Acevedo Holmes and Rangel,",1,50150.17,50150.17,50150.17,50150.17
"Acevedo LLC",1,23600.50,23600.50,23600.50,23600.50
"Acevedo Ltd",3,31893.78,34196.73,32661.43,97984.29
"Acevedo Phillips Steele, and",1,12363.78,12363.78,12363.78,12363.78
"Acevedo PLC",2,18742.65,50050.46,34396.55,68793.10
"Acevedo, Jordan and Diaz",1,23316.69,23316.69,23316.69,23316.69
"Acevedo, Martin and Price",1,44587.35,44587.35,44587.35,44587.35
"Acevedo, Riddle Payne and",1,22252.00,22252.00,22252.00,22252.00
Acevedo-Diaz,1,21431.17,21431.17,21431.17,21431.17
Acevedo-Goodwin,1,5900.38,5900.38,5900.38,5900.38
Acevedo-Henderson,1,13030.31,13030.31,13030.31,13030.31
Acevedo-Lawson,1,30895.51,30895.51,30895.51,30895.51
"Acosta and Tapia Evans,",1,36093.25,36093.25,36093.25,36093.25
"Acosta Group",3,37941.38,40480.72,39634.27,118902.82
"Acosta Inc",2,4685.83,37086.78,20886.31,41772.62
"Acosta LLC",1,36088.22,36088.22,36088.22,36088.22
"Acosta Ltd",3,22112.33,34167.45,29925.45,89776.35
"Acosta PLC",1,9840.05,9840.05,9840.05,9840.05
"Acosta Sons and",1,5808.69,5808.69,5808.69,5808.69
"Acosta Trujillo Davis, and",1,12344.73,12344.73,12344.73,12344.73
"Acosta Weeks Yates, and",1,5036.83,5036.83,5036.83,5036.83
"Acosta Willis, Martin and",1,24056.83,24056.83,24056.83,24056.83
"Acosta, and Martin Torres",1,17566.32,17566.32,17566.32,17566.32
"Acosta, and Price Jackson",1,47389.47,47389.47,47389.47,47389.47
"Acosta, and Young Morrow",1,1857.48,1857.48,1857.48,1857.48
"Acosta, Figueroa Compton and",1,48430.01,48430.01,48430.01,48430.01
"Acosta, Gordon Smith and",1,8416.57,8416.57,8416.57,8416.57
"Acosta, Miller Martin and",1,30129.29,30129.29,30129.29,30129.29
"Acosta, Reed and Guzman",1,23081.70,23081.70,23081.70,23081.70
Acosta-Barnes,1,24230.82,24230.82,24230.82,24230.82
Acosta-Berry,1,4981.75,4981.75,4981.75,4981.75
Acosta-Carlson,1,5321.89,5321.89,5321.89,5321.89
Acosta-Chambers,1,4112.21,4112.21,4112.21,4112.21
Acosta-Clark,1,29257.71,29257.71,29257.71,29257.71
Acosta-Davila,1,10541.96,10541.96,10541.96,10541.96
Acosta-Dickerson,1,25091.45,25091.45,25091.45,25091.45
Acosta-Miller,1,5783.74,5783.74,5783.74,5783.74
Acosta-Robertson,1,37505.62,37505.62,37505.62,37505.62
Acosta-Smith,1,4391.13,4391.13,4391.13,4391.13
Acosta-Taylor,1,6380.16,6380.16,6380.16,6380.16
Acosta-Thomas,1,27692.25,27692.25,27692.25,27692.25
"Adams and Brown Benson,",1,14697.32,14697.32,14697.32,14697.32
"Adams and Campos Cooper,",2,6172.03,6172.03,6172.03,12344.06
"Adams and Delgado Newman,",1,27763.57,27763.57,27763.57,27763.57
"Adams and Everett Garza,",1,35702.64,35702.64,35702.64,35702.64
"Adams and Freeman Oneal,",1,18654.77,18654.77,18654.77,18654.77
"Adams and Gonzales, Clark",1,36086.73,36086.73,36086.73,36086.73
"Adams and Roberts Armstrong,",1,4431.90,4431.90,4431.90,4431.90
"Adams and Smith Olson,",1,41330.29,41330.29,41330.29,41330.29
"Adams and Sons",3,26576.83,47718.78,38225.28,114675.84
"Adams and Thomas Williams,",1,33730.88,33730.88,33730.88,33730.88
"Adams and White, Smith",1,45292.62,45292.62,45292.62,45292.62
"Adams Baxter, and Peterson",1,32989.04,32989.04,32989.04,32989.04
"Adams Bell Adams, and",1,35275.93,35275.93,35275.93,35275.93
"Adams Group",8,1731.10,49819.99,27429.11,219432.92
"Adams Inc",2,38878.00,41883.89,40380.94,80761.89
"Adams Lawson, and Fleming",1,15570.46,15570.46,15570.46,15570.46
"Adams LLC",8,12766.19,36244.82,24422.18,195377.43
"Adams Ltd",5,4570.79,25906.65,14489.22,72446.12
"Adams Macias and Arias,",1,38996.20,38996.20,38996.20,38996.20
"Adams Marshall, Taylor and",1,38672.11,38672.11,38672.11,38672.11
"Adams Morris, and Griffin",1,31309.31,31309.31,31309.31,31309.31
"Adams Murphy and Lopez,",1,20523.14,20523.14,20523.14,20523.14
"Adams Navarro, Gomez and",1,44461.77,44461.77,44461.77,44461.77
"Adams Novak, and James",1,40543.85,40543.85,40543.85,40543.85
"Adams Odonnell and Cook,",1,34444.12,34444.12,34444.12,34444.12
"Adams Patterson, and Pham",1,41229.73,41229.73,41229.73,41229.73
"Adams Patterson, Lawrence and",1,37038.01,37038.01,37038.01,37038.01
"Adams PLC",2,3921.08,49012.54,26466.81,52933.62
"Adams Rivas Duran, and",1,42637.53,42637.53,42637.53,42637.53
"Adams Smith Cervantes, and",1,43564.77,43564.77,43564.77,43564.77
"Adams Sons and",2,8897.12,9928.93,9413.03,18826.05
"Adams Torres Nixon, and",1,16818.56,16818.56,16818.56,16818.56
"Adams Weaver, and Acosta",2,30295.74,30295.74,30295.74,60591.49
"Adams West and Poole,",2,31473.65,31473.65,31473.65,62947.31
"Adams Wilson, Newton and",1,39133.44,39133.44,39133.44,39133.44
"Adams, and Colon Green",1,9879.05,9879.05,9879.05,9879.05
"Adams, and Daniels Rogers",1,2675.09,2675.09,2675.09,2675.09
"Adams, and Jackson Greer",1,37270.26,37270.26,37270.26,37270.26
"Adams, and Johns Molina",1,47435.22,47435.22,47435.22,47435.22
"Adams, and Joseph Williams",1,48393.46,48393.46,48393.46,48393.46
"Adams, and Rodriguez Wright",1,30777.23,30777.23,30777.23,30777.23
"Adams, Bowers Escobar and",1,49191.65,49191.65,49191.65,49191.65
"Adams, Christian and Perry",1,9867.97,9867.97,9867.97,9867.97
"Adams, Collins Simmons and",1,22255.45,22255.45,22255.45,22255.45
"Adams, Hayes and Gardner",1,14695.31,14695.31,14695.31,14695.31
"Adams, Hendricks Collins and",1,8200.79,8200.79,8200.79,8200.79
"Adams, Mcgee Brown and",1,33686.05,33686.05,33686.05,33686.05
"Adams, Proctor Evans and",1,26533.25,26533.25,26533.25,26533.25
"Adams, Randall Powers and",1,39471.35,39471.35,39471.35,39471.35
"Adams, Ross Edwards and",1,35301.15,35301.15,35301.15,35301.15
Adams-Bailey,1,33819.21,33819.21,33819.21,33819.21
Adams-Barnes,1,32284.55,32284.55,32284.55,32284.55
Adams-Bass,1,27850.55,27850.55,27850.55,27850.55
Adams-Bell,1,40135.06,40135.06,40135.06,40135.06
Adams-Bennett,1,30363.33,30363.33,30363.33,30363.33
Adams-Benson,1,12865.86,12865.86,12865.86,12865.86
Adams-Best,2,35296.48,35296.48,35296.48,70592.97
Adams-Black,1,4974.77,4974.77,4974.77,4974.77
Adams-Castillo,1,28520.94,28520.94,28520.94,28520.94
Adams-Castro,1,7562.90,7562.90,7562.90,7562.90
Adams-Chase,1,12786.12,12786.12,12786.12,12786.12
Adams-Clark,1,27604.70,27604.70,27604.70,27604.70
Adams-Cortez,1,12813.98,12813.98,12813.98,12813.98
Adams-Daugherty,1,21184.28,21184.28,21184.28,21184.28
Adams-Dean,1,20445.47,20445.47,20445.47,20445.47
Adams-Dominguez,1,36690.07,36690.07,36690.07,36690.07
Adams-Ferguson,1,18181.04,18181.04,18181.04,18181.04
Adams-Flynn,1,44196.91,44196.91,44196.91,44196.91
Adams-Gallegos,1,34085.72,34085.72,34085.72,34085.72
Adams-Garza,1,24312.49,24312.49,24312.49,24312.49
Adams-Gates,1,41706.38,41706.38,41706.38,41706.38
Adams-Gomez,1,27840.78,27840.78,27840.78,27840.78
Adams-Hale,1,31203.13,31203.13,31203.13,31203.13
Adams-Harper,1,33690.76,33690.76,33690.76,33690.76
Adams-Harrington,1,51055.71,51055.71,51055.71,51055.71
Adams-Harris,1,28605.61,28605.61,28605.61,28605.61
Adams-Henry,2,15422.67,15422.67,15422.67,30845.33
Adams-Hicks,2,31803.72,31803.72,31803.72,63607.43
Adams-Hinton,1,50687.83,50687.83,50687.83,50687.83
Adams-Howard,1,37664.09,37664.09,37664.09,37664.09
Adams-Jackson,1,31875.57,31875.57,31875.57,31875.57
Adams-Johnson,2,4143.56,14812.65,9478.11,18956.21
Adams-Kim,1,46094.98,46094.98,46094.98,46094.98
Adams-Krause,1,51144.92,51144.92,51144.92,51144.92
Adams-Lee,1,38656.08,38656.08,38656.08,38656.08
Adams-Marquez,1,6114.08,6114.08,6114.08,6114.08
Adams-Martin,2,41294.72,41294.72,41294.72,82589.44
Adams-Massey,1,43088.56,43088.56,43088.56,43088.56
Adams-Mcclure,1,10399.75,10399.75,10399.75,10399.75
Adams-Mcgrath,1,9478.33,9478.33,9478.33,9478.33
Adams-Mendoza,1,38864.55,38864.55,38864.55,38864.55
Adams-Mitchell,1,22922.30,22922.30,22922.30,22922.30
Adams-Molina,1,21576.50,21576.50,21576.50,21576.50
Adams-Nash,1,35345.74,35345.74,35345.74,35345.74
Adams-Ortega,1,10558.40,10558.40,10558.40,10558.40
Adams-Reynolds,1,31592.34,31592.34,31592.34,31592.34
Adams-Rice,1,22000.88,22000.88,22000.88,22000.88
Adams-Richardson,1,18445.50,18445.50,18445.50,18445.50
Adams-Rodriguez,1,3467.37,3467.37,3467.37,3467.37
Adams-Salazar,1,8622.67,8622.67,8622.67,8622.67
Adams-Savage,1,29683.96,29683.96,29683.96,29683.96
Adams-Simmons,2,11892.96,39988.48,25940.72,51881.44
Adams-Smith,1,30151.50,30151.50,30151.50,30151.50
Adams-Stewart,1,8471.17,8471.17,8471.17,8471.17
Adams-Stuart,1,28118.44,28118.44,28118.44,28118.44
Adams-Thompson,2,17124.94,37041.51,27083.23,54166.45
Adams-Valencia,1,20264.21,20264.21,20264.21,20264.21
Adams-Vazquez,1,33126.96,33126.96,33126.96,33126.96
Adams-Velasquez,1,6481.97,6481.97,6481.97,6481.97
Adams-Velez,1,31350.36,31350.36,31350.36,31350.36
Adams-Woods,1,6929.71,6929.71,6929.71,6929.71
"Adkins Group",1,7361.44,7361.44,7361.44,7361.44
"Adkins Hale Mueller, and",1,31562.08,31562.08,31562.08,31562.08
"Adkins Inc",2,9882.73,45899.81,27891.27,55782.54
"Adkins Knapp and Richards,",1,3470.76,3470.76,3470.76,3470.76
"Adkins LLC",1,43841.35,43841.35,43841.35,43841.35
"Adkins PLC",1,44660.89,44660.89,44660.89,44660.89
"Adkins Sons and",2,15259.05,28626.48,21942.76,43885.52
"Adkins Torres Graves, and",1,41364.04,41364.04,41364.04,41364.04
"Adkins Wade Simmons, and",2,42071.04,42071.04,42071.04,84142.09
"Adkins, and Morrow Russo",1,41525.93,41525.93,41525.93,41525.93
"Adkins, Garcia Pratt and",1,13204.25,13204.25,13204.25,13204.25
"Adkins, Guerrero and Kelly",1,2579.01,2579.01,2579.01,2579.01
"Adkins, Logan and Johnson",1,13069.81,13069.81,13069.81,13069.81
Adkins-Avila,2,23284.18,23284.18,23284.18,46568.35
Adkins-Black,1,15876.24,15876.24,15876.24,15876.24
Adkins-Cantu,1,38421.24,38421.24,38421.24,38421.24
Adkins-Carter,1,15695.39,15695.39,15695.39,15695.39
Adkins-Cox,2,28559.16,28559.16,28559.16,57118.32
Adkins-Gonzalez,1,48237.40,48237.40,48237.40,48237.40
Adkins-Griffin,1,18795.19,18795.19,18795.19,18795.19
Adkins-Holmes,1,40338.77,40338.77,40338.77,40338.77
Adkins-Jackson,2,8345.51,30272.60,19309.05,38618.11
Adkins-Martin,1,20283.37,20283.37,20283.37,20283.37
Adkins-Scott,1,3852.41,3852.41,3852.41,3852.41
"Aguilar Adams, and Morrison",1,49348.81,49348.81,49348.81,49348.81
"Aguilar Aguilar Tyler, and",1,43835.12,43835.12,43835.12,43835.12
"Aguilar Cardenas and Frederick,",1,6611.76,6611.76,6611.76,6611.76
"Aguilar Group",1,37990.33,37990.33,37990.33,37990.33
"Aguilar Guzman, and Pratt",1,31250.55,31250.55,31250.55,31250.55
"Aguilar Inc",3,-529.96,15877.62,10408.42,31225.27
"Aguilar Kim and Baker,",1,7904.35,7904.35,7904.35,7904.35
"Aguilar Klein, Thompson and",1,2242.77,2242.77,2242.77,2242.77
"Aguilar Lawson and Joseph,",1,31374.31,31374.31,31374.31,31374.31
"Aguilar Ltd",4,24640.18,39645.32,35044.86,140179.43
"Aguilar Miller, Allen and",1,35507.92,35507.92,35507.92,35507.92
"Aguilar Mullins and Schmidt,",1,27670.95,27670.95,27670.95,27670.95
"Aguilar PLC",2,34751.30,51731.66,43241.48,86482.96
"Aguilar Sons and",1,13945.10,13945.10,13945.10,13945.10
"Aguilar, and Dean Williams",1,25046.04,25046.04,25046.04,25046.04
"Aguilar, and Wilson Perez",1,35263.53,35263.53,35263.53,35263.53
"Aguilar, Castaneda and Johnson",1,24132.34,24132.34,24132.34,24132.34
"Aguilar, Schwartz and Molina",2,34764.37,34764.37,34764.37,69528.73
"Aguilar, Spencer Sanders and",1,13913.05,13913.05,13913.05,13913.05
Aguilar-Bass,1,14896.98,14896.98,14896.98,14896.98
Aguilar-Blake,1,4661.63,4661.63,4661.63,4661.63
Aguilar-Conley,1,38508.56,38508.56,38508.56,38508.56
Aguilar-Ellison,1,28219.34,28219.34,28219.34,28219.34
Aguilar-Freeman,1,44602.39,44602.39,44602.39,44602.39
Aguilar-Guzman,1,37666.97,37666.97,37666.97,37666.97
Aguilar-Harris,1,43502.03,43502.03,43502.03,43502.03
Aguilar-Hill,1,47819.39,47819.39,47819.39,47819.39
Aguilar-Howard,1,24049.26,24049.26,24049.26,24049.26
Aguilar-Leonard,1,25065.03,25065.03,25065.03,25065.03
Aguilar-Lopez,1,34859.71,34859.71,34859.71,34859.71
Aguilar-Lowery,1,44938.46,44938.46,44938.46,44938.46
Aguilar-Martinez,2,49735.31,49735.31,49735.31,99470.63
Aguilar-Moreno,1,30451.24,30451.24,30451.24,30451.24
Aguilar-Parsons,2,22218.53,22218.53,22218.53,44437.06
Aguilar-Pearson,2,44187.65,44187.65,44187.65,88375.31
Aguilar-Scott,1,24198.45,24198.45,24198.45,24198.45
Aguilar-Silva,1,9169.67,9169.67,9169.67,9169.67
Aguilar-Vega,1,23651.30,23651.30,23651.30,23651.30
Aguilar-Waller,1,28899.31,28899.31,28899.31,28899.31
"Aguirre Bell, and Ramsey",1,23923.29,23923.29,23923.29,23923.29
"Aguirre Group",3,20490.09,25041.35,23524.27,70572.80
"Aguirre LLC",4,23220.36,43288.54,28355.82,113423.27
"Aguirre Ltd",3,30217.88,39882.94,36661.25,109983.76
"Aguirre Turner, Reed and",1,17197.14,17197.14,17197.14,17197.14
Aguirre-Christensen,1,50702.74,50702.74,50702.74,50702.74
Aguirre-Davis,2,14594.94,14594.94,14594.94,29189.89
Aguirre-Edwards,1,38846.53,38846.53,38846.53,38846.53
Aguirre-Graves,1,9082.93,9082.93,9082.93,9082.93
Aguirre-Pennington,2,48427.16,48427.16,48427.16,96854.31
Aguirre-Perkins,1,9004.86,9004.86,9004.86,9004.86
Aguirre-Pugh,1,50025.49,50025.49,50025.49,50025.49
Aguirre-Rodriguez,1,35487.84,35487.84,35487.84,35487.84
Aguirre-Sims,1,5367.37,5367.37,5367.37,5367.37
Aguirre-Wang,2,47399.62,47399.62,47399.62,94799.25
Aguirre-Williams,1,17139.19,17139.19,17139.19,17139.19
"Alexander and Castillo, Mason",1,27773.27,27773.27,27773.27,27773.27
"Alexander and Graham Jennings,",1,40185.48,40185.48,40185.48,40185.48
"Alexander and Jensen Andrews,",1,3730.00,3730.00,3730.00,3730.00
"Alexander Group",4,7265.87,35174.90,26826.60,107306.40
"Alexander Hays, and Hernandez",1,32078.95,32078.95,32078.95,32078.95
"Alexander Inc",2,12220.52,31921.73,22071.12,44142.25
"Alexander Ltd",1,48385.90,48385.90,48385.90,48385.90
"Alexander Martinez, Love and",1,47267.18,47267.18,47267.18,47267.18
"Alexander Patton, Lowery and",1,39252.18,39252.18,39252.18,39252.18
"Alexander PLC",2,29998.55,32178.74,31088.64,62177.28
"Alexander Simmons and Martinez,",1,14648.17,14648.17,14648.17,14648.17
"Alexander Turner, Stout and",1,32268.98,32268.98,32268.98,32268.98
"Alexander Wagner and Hill,",1,13919.86,13919.86,13919.86,13919.86
"Alexander Williams and Dixon,",1,24919.65,24919.65,24919.65,24919.65
"Alexander, and Ewing Lopez",1,17672.31,17672.31,17672.31,17672.31
"Alexander, and Norris Williams",1,46475.61,46475.61,46475.61,46475.61
"Alexander, Baker Howell and",1,27182.70,27182.70,27182.70,27182.70
"Alexander, Morris and Hayes",1,33418.31,33418.31,33418.31,33418.31
"Alexander, Schneider and Wilson",1,5702.77,5702.77,5702.77,5702.77
Alexander-Austin,2,16375.80,16375.80,16375.80,32751.60
Alexander-Bradley,1,5745.70,5745.70,5745.70,5745.70
Alexander-Brady,1,7885.14,7885.14,7885.14,7885.14
Alexander-Brooks,1,35969.45,35969.45,35969.45,35969.45
Alexander-Cantu,1,3666.84,3666.84,3666.84,3666.84
Alexander-Duncan,2,45523.87,45523.87,45523.87,91047.75
Alexander-Gallagher,1,42050.69,42050.69,42050.69,42050.69
Alexander-George,1,10320.16,10320.16,10320.16,10320.16
Alexander-Howard,2,11095.55,41700.17,26397.86,52795.72
Alexander-Lopez,1,37858.96,37858.96,37858.96,37858.96
Alexander-Manning,1,39849.79,39849.79,39849.79,39849.79
Alexander-Mcdaniel,1,14465.14,14465.14,14465.14,14465.14
Alexander-Middleton,2,38397.02,38397.02,38397.02,76794.05
Alexander-Moore,2,12065.01,42043.21,27054.11,54108.22
Alexander-Murphy,1,24562.01,24562.01,24562.01,24562.01
Alexander-Nichols,1,14076.60,14076.60,14076.60,14076.60
Alexander-Oconnor,1,41150.19,41150.19,41150.19,41150.19
Alexander-Sanchez,1,45713.64,45713.64,45713.64,45713.64
Alexander-Saunders,1,12646.92,12646.92,12646.92,12646.92
Alexander-Silva,1,29527.81,29527.81,29527.81,29527.81
Alexander-Smith,2,3253.67,5075.78,4164.72,8329.45
Alexander-Snyder,1,26222.83,26222.83,26222.83,26222.83
Alexander-Soto,1,6967.80,6967.80,6967.80,6967.80
Alexander-Stone,2,20880.34,20880.34,20880.34,41760.68
Alexander-Villa,1,6240.27,6240.27,6240.27,6240.27
Alexander-Walker,1,50102.68,50102.68,50102.68,50102.68
Alexander-White,1,24371.01,24371.01,24371.01,24371.01
"Ali and Chambers, Dawson",1,11508.82,11508.82,11508.82,11508.82
"Ali and Cox Johnson,",1,40115.17,40115.17,40115.17,40115.17
"Ali and Sons",1,3973.15,3973.15,3973.15,3973.15
"Ali and Vargas Montes,",1,27852.70,27852.70,27852.70,27852.70
"Ali Fischer and Howe,",1,37643.65,37643.65,37643.65,37643.65
"Ali Group",1,19720.04,19720.04,19720.04,19720.04
"Ali PLC",1,28903.44,28903.44,28903.44,28903.44
"Ali Sons and",1,19008.85,19008.85,19008.85,19008.85
"Ali, Cooper Gilbert and",1,24297.27,24297.27,24297.27,24297.27
Ali-Adams,1,48015.58,48015.58,48015.58,48015.58
Ali-Baird,1,13936.98,13936.98,13936.98,13936.98
Ali-Byrd,2,49384.18,49384.18,49384.18,98768.37
Ali-Harris,1,26999.38,26999.38,26999.38,26999.38
Ali-James,1,17716.57,17716.57,17716.57,17716.57
Ali-Marsh,2,10730.44,10730.44,10730.44,21460.88
Ali-Warren,1,37400.33,37400.33,37400.33,37400.33
"Allen and Bell, Bell",1,15894.56,15894.56,15894.56,15894.56
"Allen and Blackwell Morgan,",1,11689.47,11689.47,11689.47,11689.47
"Allen and Decker, Gonzales",1,13080.33,13080.33,13080.33,13080.33
"Allen and Duncan Wright,",1,32530.97,32530.97,32530.97,32530.97
"Allen and Gray, Scott",1,7860.76,7860.76,7860.76,7860.76
"Allen and Ho Wheeler,",1,35700.69,35700.69,35700.69,35700.69
"Allen and Hodge Williams,",1,49225.85,49225.85,49225.85,49225.85
"Allen and Holmes Schmidt,",1,46444.96,46444.96,46444.96,46444.96
"Allen and Holt, Ford",1,11138.86,11138.86,11138.86,11138.86
"Allen and Kelly Garrett,",1,38072.72,38072.72,38072.72,38072.72
"Allen and Moore Holmes,",1,38385.73,38385.73,38385.73,38385.73
"Allen and Page Graves,",1,14911.49,14911.49,14911.49,14911.49
"Allen and Smith Tran,",1,33969.18,33969.18,33969.18,33969.18
"Allen and Sons",3,19396.56,42545.47,27112.86,81338.58
"Allen and Taylor, Matthews",1,8088.27,8088.27,8088.27,8088.27
"Allen and Valdez, Cantrell",1,3937.45,3937.45,3937.45,3937.45
"Allen and Warren Johnson,",1,17432.58,17432.58,17432.58,17432.58
"Allen and Wilson Rollins,",1,48564.86,48564.86,48564.86,48564.86
"Allen Baker, Ross and",2,37801.89,37801.89,37801.89,75603.78
"Allen Black, and Collins",1,39325.20,39325.20,39325.20,39325.20
"Allen Campbell, and Hurst",1,1583.38,1583.38,1583.38,1583.38
"Allen Carney and Heath,",1,28848.27,28848.27,28848.27,28848.27
"Allen Castro and Hill,",1,30204.03,30204.03,30204.03,30204.03
"Allen Davis Todd, and",2,24101.20,24101.20,24101.20,48202.40
"Allen Decker Taylor, and",1,42029.96,42029.96,42029.96,42029.96
"Allen Garcia and Wolf,",1,25702.30,25702.30,25702.30,25702.30
"Allen Garcia, Johnson and",1,9728.73,9728.73,9728.73,9728.73
"Allen Gonzales and Hill,",1,45086.93,45086.93,45086.93,45086.93
"Allen Group",9,9011.30,47698.37,29337.75,264039.74
"Allen Harrington Grant, and",1,22053.98,22053.98,22053.98,22053.98
"Allen Hurst, Gonzalez and",1,6640.90,6640.90,6640.90,6640.90
"Allen Inc",8,5598.05,43879.66,25992.33,207938.67
"Allen Johnson, Meyers and",1,38891.29,38891.29,38891.29,38891.29
"Allen LLC",6,4793.23,22986.46,12516.97,75101.80
"Allen Ltd",8,4483.63,37315.46,27824.28,222594.21
"Allen Orr, and Frye",1,27475.62,27475.62,27475.62,27475.62
"Allen Parker and Estes,",1,12448.69,12448.69,12448.69,12448.69
"Allen Payne, Hamilton and",1,7555.25,7555.25,7555.25,7555.25
"Allen Pearson and Kaiser,",1,31478.82,31478.82,31478.82,31478.82
"Allen Pitts, Bryan and",1,44175.66,44175.66,44175.66,44175.66
"Allen PLC",8,5335.25,48331.98,23231.68,185853.44
"Allen Rodriguez, and Stewart",2,23090.35,23090.35,23090.35,46180.69
"Allen Sons and",1,39697.64,39697.64,39697.64,39697.64
"Allen Sparks and Soto,",1,30406.92,30406.92,30406.92,30406.92
"Allen Stanley, Woods and",1,10994.08,10994.08,10994.08,10994.08
"Allen Thompson, and Mcdonald",1,49749.74,49749.74,49749.74,49749.74
"Allen Watson and Robinson,",1,18144.51,18144.51,18144.51,18144.51
"Allen Watson Nguyen, and",2,17961.68,17961.68,17961.68,35923.36
"Allen, and Barnes Smith",1,42951.17,42951.17,42951.17,42951.17
"Allen, and Blackwell Taylor",2,27731.52,27731.52,27731.52,55463.04
"Allen, and Fischer Richardson",1,16231.99,16231.99,16231.99,16231.99
"Allen, and Jackson Harrell",1,7773.54,7773.54,7773.54,7773.54
"Allen, and Jensen Hurley",1,38867.03,38867.03,38867.03,38867.03
"Allen, and Parker Lynch",1,17077.98,17077.98,17077.98,17077.98
"Allen, and Rodriguez Randolph",1,45226.36,45226.36,45226.36,45226.36
"Allen, and Velasquez Wilcox",1,10986.84,10986.84,10986.84,10986.84
"Allen, Cantu Orozco and",1,39835.73,39835.73,39835.73,39835.73
"Allen, Chaney Rice and",1,24874.75,24874.75,24874.75,24874.75
"Allen, Cross and Collins",2,39691.60,39691.60,39691.60,79383.20
"Allen, Davies and Mcintyre",1,34613.00,34613.00,34613.00,34613.00
"Allen, Frank Moore and",1,34093.45,34093.45,34093.45,34093.45
"Allen, Harrell Schmidt and",1,21085.73,21085.73,21085.73,21085.73
"Allen, Jackson and Brown",1,44859.99,44859.99,44859.99,44859.99
"Allen, Jackson and Walker",1,14310.08,14310.08,14310.08,14310.08
"Allen, Jenkins Mcknight and",1,4909.02,4909.02,4909.02,4909.02
"Allen, Johns and Holland",1,19210.03,19210.03,19210.03,19210.03
"Allen, Johnson and Cooper",1,6242.87,6242.87,6242.87,6242.87
"Allen, Miller and Reed",1,28090.03,28090.03,28090.03,28090.03
"Allen, Quinn Mitchell and",1,4360.80,4360.80,4360.80,4360.80
"Allen, Turner and Allen",1,15023.33,15023.33,15023.33,15023.33
"Allen, Wall and Wade",1,2541.14,2541.14,2541.14,2541.14
"Allen, Williams and Phillips",1,26612.01,26612.01,26612.01,26612.01
Allen-Allen,1,32.63,32.63,32.63,32.63
Allen-Anderson,1,37851.99,37851.99,37851.99,37851.99
Allen-Austin,1,16253.36,16253.36,16253.36,16253.36
Allen-Baker,2,3183.82,30679.20,16931.51,33863.02
Allen-Bond,1,4676.29,4676.29,4676.29,4676.29
Allen-Brown,2,10475.39,14081.36,12278.38,24556.75
Allen-Byrd,1,7980.41,7980.41,7980.41,7980.41
Allen-Campbell,1,47863.02,47863.02,47863.02,47863.02
Allen-Cherry,1,11624.31,11624.31,11624.31,11624.31
Allen-Cooke,1,9949.01,9949.01,9949.01,9949.01
Allen-Copeland,1,11416.34,11416.34,11416.34,11416.34
Allen-Cowan,1,41859.31,41859.31,41859.31,41859.31
Allen-Crawford,1,28065.61,28065.61,28065.61,28065.61
Allen-Cunningham,1,42499.47,42499.47,42499.47,42499.47
Allen-Davenport,1,12473.49,12473.49,12473.49,12473.49
Allen-Deleon,1,19013.67,19013.67,19013.67,19013.67
Allen-Duran,1,24712.64,24712.64,24712.64,24712.64
Allen-Evans,1,46853.55,46853.55,46853.55,46853.55
Allen-Ferguson,1,9818.96,9818.96,9818.96,9818.96
Allen-Fisher,2,15310.28,44451.34,29880.81,59761.62
Allen-Ford,1,4478.27,4478.27,4478.27,4478.27
Allen-Foster,1,17311.65,17311.65,17311.65,17311.65
Allen-French,1,30351.12,30351.12,30351.12,30351.12
Allen-Garcia,1,34771.42,34771.42,34771.42,34771.42
Allen-Gomez,1,47988.08,47988.08,47988.08,47988.08
Allen-Gray,2,50189.23,50189.23,50189.23,100378.46
Allen-Hall,2,8790.15,23713.85,16252.00,32504.00
Allen-Hernandez,1,48761.17,48761.17,48761.17,48761.17
Allen-Hill,1,16731.42,16731.42,16731.42,16731.42
Allen-Hoffman,1,30672.80,30672.80,30672.80,30672.80
Allen-Holland,2,38982.35,38982.35,38982.35,77964.69
Allen-Horn,1,9831.11,9831.11,9831.11,9831.11
Allen-Horne,1,32066.24,32066.24,32066.24,32066.24
Allen-Howell,1,4346.00,4346.00,4346.00,4346.00
Allen-James,1,1831.71,1831.71,1831.71,1831.71
Allen-Johnson,4,15687.44,32615.70,23296.49,93185.95
Allen-Jones,1,29627.89,29627.89,29627.89,29627.89
Allen-Leon,1,36258.22,36258.22,36258.22,36258.22
Allen-Lowery,1,43439.29,43439.29,43439.29,43439.29
Allen-Lynch,1,23511.67,23511.67,23511.67,23511.67
Allen-Marshall,1,1593.27,1593.27,1593.27,1593.27
Allen-Mcguire,1,20855.90,20855.90,20855.90,20855.90
Allen-Mckee,1,1419.36,1419.36,1419.36,1419.36
Allen-Moore,2,28680.41,28680.41,28680.41,57360.82
Allen-Morales,1,1144.38,1144.38,1144.38,1144.38
Allen-Mueller,2,40390.00,40390.00,40390.00,80779.99
Allen-Newton,1,1210.08,1210.08,1210.08,1210.08
Allen-Nguyen,1,32923.69,32923.69,32923.69,32923.69
Allen-Ortiz,1,12239.54,12239.54,12239.54,12239.54
Allen-Parrish,1,23569.42,23569.42,23569.42,23569.42
Allen-Perez,2,10965.70,41780.95,26373.32,52746.65
Allen-Powers,1,25939.74,25939.74,25939.74,25939.74
Allen-Price,2,19824.14,41176.15,30500.14,61000.29
Allen-Ramos,1,3945.24,3945.24,3945.24,3945.24
Allen-Rice,1,26718.27,26718.27,26718.27,26718.27
Allen-Rich,1,39960.48,39960.48,39960.48,39960.48
Allen-Robertson,1,8531.69,8531.69,8531.69,8531.69
Allen-Rodriguez,1,30002.31,30002.31,30002.31,30002.31
Allen-Russell,1,745.29,745.29,745.29,745.29
Allen-Sawyer,1,3468.95,3468.95,3468.95,3468.95
Allen-Scott,2,24084.67,29467.88,26776.28,53552.55
Allen-Smith,2,2990.02,4847.82,3918.92,7837.83
Allen-Spence,1,46320.14,46320.14,46320.14,46320.14
Allen-Spencer,1,10256.48,10256.48,10256.48,10256.48
Allen-Sullivan,1,14406.33,14406.33,14406.33,14406.33
Allen-Taylor,1,10574.76,10574.76,10574.76,10574.76
Allen-Torres,1,36480.59,36480.59,36480.59,36480.59
Allen-Tucker,1,42596.80,42596.80,42596.80,42596.80
Allen-Tyler,1,16971.18,16971.18,16971.18,16971.18
Allen-Wallace,1,586.55,586.55,586.55,586.55
Allen-Walsh,2,32786.82,32786.82,32786.82,65573.64
Allen-Wilson,1,38052.13,38052.13,38052.13,38052.13
Allen-Wood,1,31488.03,31488.03,31488.03,31488.03
"Allison LLC",2,19510.77,48296.94,33903.85,67807.71
"Allison Ltd",3,37262.62,38256.44,37599.10,112797.31
"Allison PLC",1,15593.00,15593.00,15593.00,15593.00
"Allison Price Williams, and",1,49795.37,49795.37,49795.37,49795.37
"Allison Rodgers Sullivan, and",1,957.45,957.45,957.45,957.45
"Allison Strong and Nixon,",1,4812.02,4812.02,4812.02,4812.02
"Allison, and Cruz Moore",1,35576.59,35576.59,35576.59,35576.59
Allison-Bailey,1,34492.31,34492.31,34492.31,34492.31
Allison-Black,1,39778.59,39778.59,39778.59,39778.59
Allison-Cameron,1,38578.54,38578.54,38578.54,38578.54
Allison-Moore,1,35149.38,35149.38,35149.38,35149.38
Allison-Walters,1,15048.83,15048.83,15048.83,15048.83
Allison-Williams,1,33653.65,33653.65,33653.65,33653.65
"Alvarado and Myers Smith,",1,17138.94,17138.94,17138.94,17138.94
"Alvarado Inc",3,2824.60,39783.91,25766.57,77299.72
"Alvarado LLC",5,4994.91,46896.12,31343.89,156719.43
"Alvarado Mcmahon and Guerra,",1,4955.96,4955.96,4955.96,4955.96
"Alvarado PLC",3,5882.41,43545.52,30875.49,92626.46
"Alvarado Richard and Brown,",1,14949.39,14949.39,14949.39,14949.39
"Alvarado Sullivan Miller, and",1,33378.64,33378.64,33378.64,33378.64
Alvarado-Allen,1,44921.34,44921.34,44921.34,44921.34
Alvarado-Bradley,1,44947.06,44947.06,44947.06,44947.06
Alvarado-Carroll,1,10142.31,10142.31,10142.31,10142.31
Alvarado-Deleon,1,27385.74,27385.74,27385.74,27385.74
Alvarado-Delgado,1,40686.91,40686.91,40686.91,40686.91
Alvarado-Elliott,1,8415.98,8415.98,8415.98,8415.98
Alvarado-Gonzalez,1,3194.77,3194.77,3194.77,3194.77
Alvarado-Lopez,1,4762.56,4762.56,4762.56,4762.56
Alvarado-Martin,1,1077.17,1077.17,1077.17,1077.17
Alvarado-Meza,1,34732.28,34732.28,34732.28,34732.28
Alvarado-Prince,1,27277.20,27277.20,27277.20,27277.20
Alvarado-Scott,1,6742.94,6742.94,6742.94,6742.94
Alvarado-Smith,1,41817.31,41817.31,41817.31,41817.31
"Alvarez and James, Mcintosh",1,36345.63,36345.63,36345.63,36345.63
"Alvarez and Mullins, Barajas",1,6116.05,6116.05,6116.05,6116.05
"Alvarez and Sanchez Taylor,",1,43664.11,43664.11,43664.11,43664.11
"Alvarez and York Rocha,",1,14366.76,14366.76,14366.76,14366.76
"Alvarez Austin Snyder, and",1,21513.53,21513.53,21513.53,21513.53
"Alvarez Clark, and Francis",1,29585.99,29585.99,29585.99,29585.99
"Alvarez Garcia, and Watkins",1,39214.32,39214.32,39214.32,39214.32
"Alvarez Group",2,4478.59,43728.55,24103.57,48207.13
"Alvarez Hayes Guzman, and",1,7221.30,7221.30,7221.30,7221.30
"Alvarez Inc",1,45577.57,45577.57,45577.57,45577.57
"Alvarez LLC",2,30826.49,30826.49,30826.49,61652.99
"Alvarez Ltd",8,22122.34,44168.24,36037.32,288298.55
"Alvarez Maldonado, and Oconnor",1,44408.95,44408.95,44408.95,44408.95
"Alvarez Moss Smith, and",2,35263.41,35263.41,35263.41,70526.82
"Alvarez PLC",2,13093.89,46882.80,29988.34,59976.69
"Alvarez Sons and",1,36378.26,36378.26,36378.26,36378.26
"Alvarez Wilson and Fry,",2,17159.42,17159.42,17159.42,34318.84
"Alvarez, and Lewis Jennings",1,9298.59,9298.59,9298.59,9298.59
"Alvarez, Rogers and Kennedy",1,37845.38,37845.38,37845.38,37845.38
"Alvarez, Ross and Hurst",1,34858.40,34858.40,34858.40,34858.40
"Alvarez, Vasquez and Price",1,17200.39,17200.39,17200.39,17200.39
Alvarez-Blair,1,6972.57,6972.57,6972.57,6972.57
Alvarez-Chavez,1,8498.36,8498.36,8498.36,8498.36
Alvarez-Craig,1,51293.41,51293.41,51293.41,51293.41
Alvarez-Cruz,1,42956.13,42956.13,42956.13,42956.13
Alvarez-Flynn,1,39123.35,39123.35,39123.35,39123.35
Alvarez-Griffith,1,8805.04,8805.04,8805.04,8805.04
Alvarez-Guerrero,2,33222.09,33222.09,33222.09,66444.19
Alvarez-Harris,1,35318.70,35318.70,35318.70,35318.70
Alvarez-Hays,1,8066.74,8066.74,8066.74,8066.74
Alvarez-Henry,1,7612.78,7612.78,7612.78,7612.78
Alvarez-Martin,1,19055.09,19055.09,19055.09,19055.09
Alvarez-Mathews,1,13146.07,13146.07,13146.07,13146.07
Alvarez-Miranda,1,18948.66,18948.66,18948.66,18948.66
Alvarez-Nunez,1,32208.96,32208.96,32208.96,32208.96
Alvarez-Olson,1,13022.69,13022.69,13022.69,13022.69
Alvarez-Payne,1,38992.27,38992.27,38992.27,38992.27
Alvarez-Perry,1,30035.02,30035.02,30035.02,30035.02
Alvarez-Quinn,1,9205.77,9205.77,9205.77,9205.77
Alvarez-Robinson,1,33055.74,33055.74,33055.74,33055.74
Alvarez-Rogers,1,46403.07,46403.07,46403.07,46403.07
Alvarez-Shelton,1,47945.54,47945.54,47945.54,47945.54
Alvarez-Smith,5,1457.73,37458.53,25104.22,125521.10
Alvarez-Valentine,1,27106.00,27106.00,27106.00,27106.00
Alvarez-Vargas,2,48914.64,48914.64,48914.64,97829.29
Alvarez-Young,1,8213.78,8213.78,8213.78,8213.78
Alvarez-Zamora,1,17938.89,17938.89,17938.89,17938.89
"and Abbott Campbell Palmer,",1,171.90,171.90,171.90,171.90
"and Abbott Gross, Anderson",1,9892.25,9892.25,9892.25,9892.25
"and Acevedo, James Ho",1,25428.30,25428.30,25428.30,25428.30
"and Acosta, George Silva",1,27583.87,27583.87,27583.87,27583.87
"and Adams Bautista, Roberts",2,38683.85,38683.85,38683.85,77367.69
"and Adams Brown, Fuller",1,11235.25,11235.25,11235.25,11235.25
"and Adams Brown, Love",1,45136.98,45136.98,45136.98,45136.98
"and Adams Chavez Camacho,",1,5031.08,5031.08,5031.08,5031.08
"and Adams Cole, Payne",1,48016.34,48016.34,48016.34,48016.34
"and Adams Figueroa, Edwards",1,10233.22,10233.22,10233.22,10233.22
"and Adams Hunt Bennett,",1,41157.18,41157.18,41157.18,41157.18
"and Adams Martin, Sosa",1,28569.29,28569.29,28569.29,28569.29
"and Adams Martin, Thomas",1,22654.84,22654.84,22654.84,22654.84
"and Adams Morgan Livingston,",1,16560.50,16560.50,16560.50,16560.50
"and Adams Orr Jones,",1,41703.87,41703.87,41703.87,41703.87
"and Adams Reilly, Taylor",1,22133.58,22133.58,22133.58,22133.58
"and Adams Rodriguez Hill,",2,29141.76,29141.76,29141.76,58283.53
"and Adams Russo, Sexton",1,17631.81,17631.81,17631.81,17631.81
"and Adams Sons",3,6061.46,33579.41,24270.58,72811.75
"and Adams Walls Knight,",1,11717.07,11717.07,11717.07,11717.07
"and Adams, Black Villegas",1,16631.91,16631.91,16631.91,16631.91
"and Adams, Booker Buckley",1,27604.74,27604.74,27604.74,27604.74
"and Adams, Evans Hill",1,8702.18,8702.18,8702.18,8702.18
"and Adams, Graham Higgins",1,3703.37,3703.37,3703.37,3703.37
"and Adams, Harris Kennedy",1,27498.03,27498.03,27498.03,27498.03
"and Adams, Johns Duncan",1,25806.34,25806.34,25806.34,25806.34
"and Adams, Johnston Brock",1,29313.98,29313.98,29313.98,29313.98
"and Adams, Martin Franklin",1,4760.29,4760.29,4760.29,4760.29
"and Adams, Patton Carter",1,43656.57,43656.57,43656.57,43656.57
"and Adams, Perry Fitzpatrick",2,26879.59,26879.59,26879.59,53759.19
"and Adams, Smith Gonzalez",1,26036.30,26036.30,26036.30,26036.30
"and Adkins Bolton Manning,",1,48639.10,48639.10,48639.10,48639.10
"and Adkins Porter, Benton",1,42764.84,42764.84,42764.84,42764.84
"and Adkins Woods, Lowery",1,23441.08,23441.08,23441.08,23441.08
"and Aguilar Carney, Cohen",1,40685.18,40685.18,40685.18,40685.18
"and Aguilar Sons",3,23550.16,45586.50,30895.61,92686.82
"and Aguirre Smith Williams,",1,46024.80,46024.80,46024.80,46024.80
"and Aguirre Sons",1,17949.80,17949.80,17949.80,17949.80
"and Alexander Crawford Graham,",1,27507.04,27507.04,27507.04,27507.04
"and Alexander Espinoza Stone,",1,5953.11,5953.11,5953.11,5953.11
"and Alexander Ferguson Munoz,",1,9080.71,9080.71,9080.71,9080.71
"and Alexander Hall Powers,",1,19761.97,19761.97,19761.97,19761.97
"and Alexander Hanson Johnson,",1,33220.63,33220.63,33220.63,33220.63
"and Alexander Hunter, Thompson",1,22709.86,22709.86,22709.86,22709.86
"and Alexander Knight Smith,",1,40495.08,40495.08,40495.08,40495.08
"and Alexander Mullins, Hampton",1,45106.49,45106.49,45106.49,45106.49
"and Alexander Wilkins, Baker",1,46235.73,46235.73,46235.73,46235.73
"and Ali Snyder Hughes,",1,28847.11,28847.11,28847.11,28847.11
"and Allen Anderson, Rivera",1,23698.71,23698.71,23698.71,23698.71
"and Allen Bryant Carlson,",2,27857.48,27857.48,27857.48,55714.96
"and Allen Conley Rhodes,",1,10749.77,10749.77,10749.77,10749.77
"and Allen James Wolf,",1,47946.31,47946.31,47946.31,47946.31
"and Allen Jennings, Branch",1,46670.46,46670.46,46670.46,46670.46
"and Allen Mitchell, Soto",1,41129.80,41129.80,41129.80,41129.80
"and Allen Reeves, Gross",1,35543.37,35543.37,35543.37,35543.37
"and Allen Sons",1,31427.47,31427.47,31427.47,31427.47
"and Allen Torres, Rice",1,36106.95,36106.95,36106.95,36106.95
"and Allen Wright Ward,",1,40904.84,40904.84,40904.84,40904.84
"and Allen, Baker Castro",1,15575.50,15575.50,15575.50,15575.50
"and Allen, Davis Phillips",1,27561.30,27561.30,27561.30,27561.30
"and Allen, Gonzales Johnston",1,38629.22,38629.22,38629.22,38629.22
"and Allen, Jenkins Robinson",1,8073.09,8073.09,8073.09,8073.09
"and Allen, Porter Edwards",1,22427.08,22427.08,22427.08,22427.08
"and Allen, Roberts Evans",1,2606.94,2606.94,2606.94,2606.94
"and Allen, Taylor Bennett",1,14843.25,14843.25,14843.25,14843.25
"and Allen, Zavala Collins",1,12926.66,12926.66,12926.66,12926.66
"and Alvarado Grant May,",1,26040.25,26040.25,26040.25,26040.25
"and Alvarado Thomas Acosta,",1,49598.63,49598.63,49598.63,49598.63
"and Alvarado, Nelson Wright",1,8635.21,8635.21,8635.21,8635.21
"and Alvarez Banks, Munoz",2,19924.13,19924.13,19924.13,39848.25
"and Alvarez Gilmore Wheeler,",1,4448.51,4448.51,4448.51,4448.51
"and Alvarez Jennings Roberts,",1,2714.49,2714.49,2714.49,2714.49
"and Alvarez Johnson, Nguyen",2,19757.20,19757.20,19757.20,39514.39
"and Alvarez Lee Gay,",1,20820.17,20820.17,20820.17,20820.17
"and Alvarez Sons",4,5626.20,40573.01,19548.00,78192.00
"and Alvarez Stevens Cox,",1,31086.39,31086.39,31086.39,31086.39
"and Alvarez Torres Osborn,",1,28311.36,28311.36,28311.36,28311.36
"and Alvarez Tran, Ortiz",1,6182.35,6182.35,6182.35,6182.35
"and Alvarez, Choi Jackson",1,9230.72,9230.72,9230.72,9230.72
"and Alvarez, Cox Powers",1,392.91,392.91,392.91,392.91
"and Alvarez, Perkins Russell",1,38147.80,38147.80,38147.80,38147.80
"and Andersen Edwards, Martinez",1,27711.40,27711.40,27711.40,27711.40
"and Andersen Miller Jones,",1,36698.95,36698.95,36698.95,36698.95
"and Andersen Strickland Ingram,",1,37358.11,37358.11,37358.11,37358.11
"and Andersen, Molina Garcia",1,44260.00,44260.00,44260.00,44260.00
"and Anderson Boyd Bennett,",1,1089.34,1089.34,1089.34,1089.34
"and Anderson Boyd, Hardy",1,38145.32,38145.32,38145.32,38145.32
"and Anderson Donaldson Aguilar,",1,45877.55,45877.55,45877.55,45877.55
"and Anderson Flowers, Tucker",1,6596.19,6596.19,6596.19,6596.19
"and Anderson Gentry, Esparza",1,32219.64,32219.64,32219.64,32219.64
"and Anderson Gonzalez, Waters",1,32799.36,32799.36,32799.36,32799.36
"and Anderson Hartman Flores,",1,36170.79,36170.79,36170.79,36170.79
"and Anderson Irwin Whitney,",1,10954.57,10954.57,10954.57,10954.57
"and Anderson Kennedy, Owens",1,44961.46,44961.46,44961.46,44961.46
"and Anderson Lindsey Burgess,",1,11913.92,11913.92,11913.92,11913.92
"and Anderson Lopez, Mitchell",1,8771.65,8771.65,8771.65,8771.65
"and Anderson Mendez, Ortiz",1,11702.70,11702.70,11702.70,11702.70
"and Anderson Middleton, King",1,9854.75,9854.75,9854.75,9854.75
"and Anderson Nichols Whitaker,",1,25334.94,25334.94,25334.94,25334.94
"and Anderson Smith Sanchez,",1,40598.42,40598.42,40598.42,40598.42
"and Anderson Sons",3,4082.54,45658.37,27065.49,81196.48
"and Anderson Turner Henderson,",1,48346.86,48346.86,48346.86,48346.86
"and Anderson Williams Harrison,",1,44514.94,44514.94,44514.94,44514.94
"and Anderson, Berry Franklin",1,21899.50,21899.50,21899.50,21899.50
"and Anderson, Huff Ford",1,40646.35,40646.35,40646.35,40646.35
"and Anderson, Hull Simon",1,37355.76,37355.76,37355.76,37355.76
"and Anderson, Porter Becker",1,39448.89,39448.89,39448.89,39448.89
"and Anderson, Richards Benson",1,469.53,469.53,469.53,469.53
"and Anderson, Scott Nelson",1,44409.94,44409.94,44409.94,44409.94
"and Anderson, Smith Carr",1,26448.17,26448.17,26448.17,26448.17
"and Anderson, Smith Woods",1,13067.20,13067.20,13067.20,13067.20
"and Anderson, Stephens Rowe",2,22226.54,22226.54,22226.54,44453.07
"and Anderson, Woods Woods",1,2421.98,2421.98,2421.98,2421.98
"and Andrews Cole, Garcia",2,11335.31,11335.31,11335.31,22670.62
"and Andrews Miranda Watson,",1,4786.78,4786.78,4786.78,4786.78
"and Andrews, Armstrong Padilla",1,19862.16,19862.16,19862.16,19862.16
"and Andrews, Flores Brady",1,32201.08,32201.08,32201.08,32201.08
"and Anthony Hays Medina,",1,48991.87,48991.87,48991.87,48991.87
"and Anthony Nelson, Griffith",1,47764.51,47764.51,47764.51,47764.51
"and Anthony, Valdez Tapia",1,43526.02,43526.02,43526.02,43526.02
"and Arellano Anderson, Bruce",1,21280.76,21280.76,21280.76,21280.76
"and Arellano Parks Meyer,",2,12723.31,12723.31,12723.31,25446.63
"and Arellano, Caldwell Mathis",1,16696.43,16696.43,16696.43,16696.43
"and Arellano, Gill Jackson",1,36523.16,36523.16,36523.16,36523.16
"and Arias, Hogan May",1,23336.26,23336.26,23336.26,23336.26
"and Armstrong Ayers, Horne",2,39053.56,39053.56,39053.56,78107.12
"and Armstrong Johnson, Foster",1,3492.21,3492.21,3492.21,3492.21
"and Armstrong Sons",1,11979.62,11979.62,11979.62,11979.62
"and Armstrong, Blair Zimmerman",1,18466.86,18466.86,18466.86,18466.86
"and Armstrong, Taylor Burns",1,38755.95,38755.95,38755.95,38755.95
"and Arnold Anderson, White",1,42453.38,42453.38,42453.38,42453.38
"and Arnold Johnson Mccullough,",1,25704.99,25704.99,25704.99,25704.99
"and Arnold Johnson, Edwards",1,42752.18,42752.18,42752.18,42752.18
"and Arnold Meadows, Rivas",1,4268.80,4268.80,4268.80,4268.80
"and Arnold Morales, Gonzales",1,42374.56,42374.56,42374.56,42374.56
"and Arnold Sons",2,19665.86,46146.49,32906.17,65812.35
"and Arnold Watkins Fleming,",1,10835.09,10835.09,10835.09,10835.09
"and Arnold, Phillips Fox",1,48688.15,48688.15,48688.15,48688.15
"and Ashley Decker, Hays",1,6108.55,6108.55,6108.55,6108.55
"and Ashley Washington, Neal",1,22450.86,22450.86,22450.86,22450.86
"and Atkins Barnes, Hall",1,24412.93,24412.93,24412.93,24412.93
"and Atkins Hayden Hopkins,",1,22084.08,22084.08,22084.08,22084.08
"and Atkins Mcintosh, Sanders",1,3735.71,3735.71,3735.71,3735.71
"and Atkins Sons",1,45574.81,45574.81,45574.81,45574.81
"and Atkins, Kelly Torres",1,16360.53,16360.53,16360.53,16360.53
"and Atkinson Blevins, Stevens",1,36914.84,36914.84,36914.84,36914.84
"and Atkinson Hanson Henry,",1,18621.24,18621.24,18621.24,18621.24
"and Atkinson Perez, Allen",1,17486.93,17486.93,17486.93,17486.93
"and Atkinson Wilson, Torres",1,9195.50,9195.50,9195.50,9195.50
"and Austin Sons",2,18175.47,25543.56,21859.52,43719.03
"and Avery, Jarvis Hopkins",1,32064.42,32064.42,32064.42,32064.42
"and Avila Johnson Wood,",1,22961.86,22961.86,22961.86,22961.86
"and Avila, Moss Caldwell",1,9713.91,9713.91,9713.91,9713.91
"and Avila, Oconnor Brown",1,42387.75,42387.75,42387.75,42387.75
"and Ayala Miller, Wilson",1,40240.31,40240.31,40240.31,40240.31
"and Ayers King, Smith",2,34597.39,34597.39,34597.39,69194.78
"and Ayers Swanson, Greer",1,11599.16,11599.16,11599.16,11599.16
"and Ayers, Vazquez Rivers",1,46925.37,46925.37,46925.37,46925.37
"and Bailey Barnes Vasquez,",1,47613.32,47613.32,47613.32,47613.32
"and Bailey Dickerson Dalton,",1,5814.75,5814.75,5814.75,5814.75
"and Bailey Douglas Davis,",1,44963.21,44963.21,44963.21,44963.21
"and Bailey Garcia Spencer,",1,15686.43,15686.43,15686.43,15686.43
"and Bailey Jones Robinson,",1,7938.59,7938.59,7938.59,7938.59
"and Bailey Kennedy, Morales",1,11762.64,11762.64,11762.64,11762.64
"and Bailey Martin, Graham",1,48412.54,48412.54,48412.54,48412.54
"and Bailey Martin, Smith",1,5916.66,5916.66,5916.66,5916.66
"and Bailey Meza, Jones",1,39318.32,39318.32,39318.32,39318.32
"and Bailey Munoz, Hernandez",1,43058.19,43058.19,43058.19,43058.19
"and Bailey Phillips, Wright",1,5923.90,5923.90,5923.90,5923.90
"and Bailey Ramos, Webster",1,42095.55,42095.55,42095.55,42095.55
"and Bailey Sawyer, Weiss",1,4508.97,4508.97,4508.97,4508.97
"and Bailey Shea, Krause",1,24514.60,24514.60,24514.60,24514.60
"and Bailey Thompson, Jacobs",1,33263.06,33263.06,33263.06,33263.06
"and Bailey Williams Melton,",1,40367.90,40367.90,40367.90,40367.90
"and Bailey, Baker Lewis",1,20145.03,20145.03,20145.03,20145.03
"and Bailey, Martinez Cook",1,23301.04,23301.04,23301.04,23301.04
"and Baird, Simmons Peters",1,37629.03,37629.03,37629.03,37629.03
"and Baker Burns, Mccarthy",1,13469.66,13469.66,13469.66,13469.66
"and Baker Davis, Brooks",1,6856.32,6856.32,6856.32,6856.32
"and Baker Donovan Sherman,",1,10892.72,10892.72,10892.72,10892.72
"and Baker Jones, Wilson",1,35949.12,35949.12,35949.12,35949.12
"and Baker Kennedy Fuentes,",1,35319.94,35319.94,35319.94,35319.94
"and Baker Rodriguez, Cameron",1,17339.84,17339.84,17339.84,17339.84
"and Baker Salazar, Gonzalez",1,33064.08,33064.08,33064.08,33064.08
"and Baker Sons",2,28498.26,49893.87,39196.07,78392.13
"and Baker, Anderson Powell",1,10730.44,10730.44,10730.44,10730.44
"and Baker, Combs Hill",1,11383.20,11383.20,11383.20,11383.20
"and Baker, Elliott Olson",1,40735.98,40735.98,40735.98,40735.98
"and Baker, Golden Rhodes",1,23052.21,23052.21,23052.21,23052.21
"and Baker, Thompson Shelton",1,19875.17,19875.17,19875.17,19875.17
"and Baldwin Lopez, Stewart",1,42425.93,42425.93,42425.93,42425.93
"and Baldwin Mcneil, Simmons",1,42672.09,42672.09,42672.09,42672.09
"and Baldwin Walker, Campbell",1,49299.55,49299.55,49299.55,49299.55
"and Baldwin, King Stephens",1,10941.87,10941.87,10941.87,10941.87
"and Baldwin, Wheeler Burns",2,15698.86,15698.86,15698.86,31397.73
"and Ball Aguilar, Norton",1,27375.25,27375.25,27375.25,27375.25
"and Ball Osborn, Horton",1,19923.32,19923.32,19923.32,19923.32
"and Ball Ray, Hoffman",1,11377.34,11377.34,11377.34,11377.34
"and Ball, Robinson Wade",1,39342.89,39342.89,39342.89,39342.89
"and Banks Price, Chambers",2,36057.26,36057.26,36057.26,72114.52
"and Barajas Jimenez, Daniel",1,13124.52,13124.52,13124.52,13124.52
"and Barajas Santos, Jones",1,9161.74,9161.74,9161.74,9161.74
"and Barber Johnson Coleman,",1,33028.74,33028.74,33028.74,33028.74
"and Barber Johnson Rowe,",1,21802.26,21802.26,21802.26,21802.26
"and Barber Schwartz Carr,",1,9431.73,9431.73,9431.73,9431.73
"and Barker, Hill Sellers",1,43916.59,43916.59,43916.59,43916.59
"and Barnes Cook Klein,",1,19111.36,19111.36,19111.36,19111.36
"and Barnes Hubbard Dillon,",2,26459.96,26459.96,26459.96,52919.92
"and Barnes James Williams,",1,46126.54,46126.54,46126.54,46126.54
"and Barnes Scott Black,",1,43172.28,43172.28,43172.28,43172.28
"and Barnes Stanley Murray,",2,31842.07,31842.07,31842.07,63684.14
"and Barnes Thompson, Lopez",1,3597.51,3597.51,3597.51,3597.51
"and Barnes, Deleon Williams",1,36415.01,36415.01,36415.01,36415.01
"and Barnett Bradley, Henderson",1,15752.37,15752.37,15752.37,15752.37
"and Barnett Ferguson, Palmer",1,20858.71,20858.71,20858.71,20858.71
"and Barnett Sanders, Williams",1,19979.87,19979.87,19979.87,19979.87
"and Barnett Sons",1,15900.19,15900.19,15900.19,15900.19
"and Barnett, Quinn Stewart",1,12964.98,12964.98,12964.98,12964.98
"and Barr, Bailey Davis",1,32266.31,32266.31,32266.31,32266.31
"and Barrera Allen Burke,",1,33377.79,33377.79,33377.79,33377.79
"and Barrera Anderson, Dunn",1,5418.13,5418.13,5418.13,5418.13
"and Barrett Beck, Smith",1,38760.21,38760.21,38760.21,38760.21
"and Barrett Scott Johnson,",1,43985.08,43985.08,43985.08,43985.08
"and Barrett Sons",1,12681.13,12681.13,12681.13,12681.13
"and Barrett, Crawford Williams",1,21830.45,21830.45,21830.45,21830.45
"and Barrett, Johnson Estes",1,31962.23,31962.23,31962.23,31962.23
"and Barrett, Johnson Miller",1,47042.20,47042.20,47042.20,47042.20
"and Barrett, Parks Brown",1,30486.29,30486.29,30486.29,30486.29
"and Barrett, Russell Phillips",1,3532.05,3532.05,3532.05,3532.05
"and Barron Williams Castro,",1,26669.61,26669.61,26669.61,26669.61
"and Barron, Norton Farmer",1,37124.77,37124.77,37124.77,37124.77
"and Barry Duran Hall,",1,20425.83,20425.83,20425.83,20425.83
"and Barry Smith, Sexton",1,16204.98,16204.98,16204.98,16204.98
"and Barry White, Jones",2,41893.25,41893.25,41893.25,83786.49
"and Bartlett Keller Wolfe,",1,29100.66,29100.66,29100.66,29100.66
"and Barton Miller White,",1,18283.88,18283.88,18283.88,18283.88
"and Barton Sons",2,29850.65,29850.65,29850.65,59701.31
"and Barton, Patterson Burton",1,7418.44,7418.44,7418.44,7418.44
"and Bates Meyer, Hernandez",1,44491.33,44491.33,44491.33,44491.33
"and Bates Smith Wade,",1,23782.65,23782.65,23782.65,23782.65
"and Bauer Bowman, Lutz",1,24397.32,24397.32,24397.32,24397.32
"and Bauer Stevens Li,",1,8431.77,8431.77,8431.77,8431.77
"and Bautista Webb, Wilson",1,36352.47,36352.47,36352.47,36352.47
"and Bautista, Elliott Reyes",1,44617.95,44617.95,44617.95,44617.95
"and Bautista, Johnson Allen",1,11763.47,11763.47,11763.47,11763.47
"and Baxter Johnson Stanley,",1,14245.22,14245.22,14245.22,14245.22
"and Baxter, Bradshaw Stanton",1,46210.08,46210.08,46210.08,46210.08
"and Bean Sanchez Mills,",1,22222.12,22222.12,22222.12,22222.12
"and Beard Carlson, Ortiz",1,5059.56,5059.56,5059.56,5059.56
"and Beard, Sherman Vasquez",1,35799.42,35799.42,35799.42,35799.42
"and Beasley, Daniel Johnson",1,19004.39,19004.39,19004.39,19004.39
"and Beasley, White Sandoval",1,25471.61,25471.61,25471.61,25471.61
"and Beck Morgan, Shaw",1,18494.46,18494.46,18494.46,18494.46
"and Beck Peterson, Perez",1,44511.07,44511.07,44511.07,44511.07
"and Beck Reyes Clarke,",1,1885.69,1885.69,1885.69,1885.69
"and Beck, Scott Leblanc",1,11191.02,11191.02,11191.02,11191.02
"and Becker Baker Owens,",1,34821.14,34821.14,34821.14,34821.14
"and Becker Holmes Espinoza,",1,21060.10,21060.10,21060.10,21060.10
"and Bell Dawson, Moore",1,32905.16,32905.16,32905.16,32905.16
"and Bell Jones, Montes",1,23560.63,23560.63,23560.63,23560.63
"and Bell Mcknight, Davis",1,5326.40,5326.40,5326.40,5326.40
"and Bell Murphy, Harrell",1,45581.74,45581.74,45581.74,45581.74
"and Bell Perry, Moore",1,20545.43,20545.43,20545.43,20545.43
"and Bell Roberts, Walters",1,2046.99,2046.99,2046.99,2046.99
"and Bell Sharp, Meyer",1,37060.44,37060.44,37060.44,37060.44
"and Bell Sons",1,39956.31,39956.31,39956.31,39956.31
"and Bell, Martin Johnson",1,22841.06,22841.06,22841.06,22841.06
"and Bell, Richards Burton",1,47272.70,47272.70,47272.70,47272.70
"and Beltran Lucas, Lee",1,21522.49,21522.49,21522.49,21522.49
"and Beltran Sons",1,19358.57,19358.57,19358.57,19358.57
"and Beltran, Church Arroyo",1,21376.70,21376.70,21376.70,21376.70
"and Bender Shaffer, Henry",1,16450.35,16450.35,16450.35,16450.35
"and Bender, Christian Le",1,45300.59,45300.59,45300.59,45300.59
"and Benitez, Martinez Fry",1,26723.41,26723.41,26723.41,26723.41
"and Benjamin Jones, Allison",1,42030.40,42030.40,42030.40,42030.40
"and Bennett Ferguson, Flores",1,27348.55,27348.55,27348.55,27348.55
"and Bennett Holland Davis,",1,9447.01,9447.01,9447.01,9447.01
"and Bennett Lee, Moody",1,36428.88,36428.88,36428.88,36428.88
"and Bennett Sons",1,28453.47,28453.47,28453.47,28453.47
"and Bennett Walker Johnston,",1,25284.39,25284.39,25284.39,25284.39
"and Bennett White, Patterson",1,25938.97,25938.97,25938.97,25938.97
"and Bennett, Campbell Stewart",1,27397.16,27397.16,27397.16,27397.16
"and Bennett, Davis Rice",2,20149.16,20149.16,20149.16,40298.31
"and Bennett, Gardner Stone",1,17118.62,17118.62,17118.62,17118.62
"and Benson Allen Moran,",2,17411.37,17411.37,17411.37,34822.75
"and Benson Harper, Wallace",1,3924.35,3924.35,3924.35,3924.35
"and Benson, Patton Conner",1,38906.98,38906.98,38906.98,38906.98
"and Bentley Farmer, Richardson",1,2469.43,2469.43,2469.43,2469.43
"and Bentley Hall Johnson,",1,157.38,157.38,157.38,157.38
"and Bentley Sons",1,29416.64,29416.64,29416.64,29416.64
"and Benton Sons",2,24991.79,24991.79,24991.79,49983.58
"and Benton Stewart, Moore",1,9542.67,9542.67,9542.67,9542.67
"and Berg Molina Dennis,",2,45637.28,45637.28,45637.28,91274.57
"and Berger Perry, Calhoun",1,31043.21,31043.21,31043.21,31043.21
"and Berger Terry, Franklin",1,43999.98,43999.98,43999.98,43999.98
"and Berger, Lopez Williams",1,18565.78,18565.78,18565.78,18565.78
"and Berger, Ramsey Lopez",1,26552.09,26552.09,26552.09,26552.09
"and Bernard Miller, Hampton",2,45934.37,45934.37,45934.37,91868.74
"and Berry, Nguyen Hudson",2,38831.02,38831.02,38831.02,77662.04
"and Bird Williams Williams,",1,15529.57,15529.57,15529.57,15529.57
"and Bishop Ellison, Rivera",2,36616.17,36616.17,36616.17,73232.33
"and Bishop, Cardenas Wong",1,30216.57,30216.57,30216.57,30216.57
"and Bishop, Johnson Ali",1,24395.73,24395.73,24395.73,24395.73
"and Black Harris Johnson,",1,10631.38,10631.38,10631.38,10631.38
"and Black Hernandez, Nichols",1,8573.00,8573.00,8573.00,8573.00
"and Black Ruiz Lee,",1,30477.53,30477.53,30477.53,30477.53
"and Black, Heath Winters",1,1255.89,1255.89,1255.89,1255.89
"and Black, Henson Rhodes",1,22480.97,22480.97,22480.97,22480.97
"and Black, Lane Drake",1,18534.94,18534.94,18534.94,18534.94
"and Black, Meza Leach",1,35092.01,35092.01,35092.01,35092.01
"and Blackburn Huff, Rios",1,38860.56,38860.56,38860.56,38860.56
"and Blackburn Nielsen, White",1,31034.07,31034.07,31034.07,31034.07
"and Blackwell Sons",1,12195.20,12195.20,12195.20,12195.20
"and Blackwell Young, Thompson",1,20191.25,20191.25,20191.25,20191.25
"and Blackwell, Moore Griffin",1,7729.06,7729.06,7729.06,7729.06
"and Blair Rodriguez Wise,",1,7032.99,7032.99,7032.99,7032.99
"and Blair, Bautista Cuevas",1,47508.82,47508.82,47508.82,47508.82
"and Blair, Powell Kramer",1,8518.25,8518.25,8518.25,8518.25
"and Blair, Smith Ellis",1,49856.82,49856.82,49856.82,49856.82
"and Blair, Weiss Brooks",1,38195.71,38195.71,38195.71,38195.71
"and Blake, Morris Clements",1,20159.50,20159.50,20159.50,20159.50
"and Blake, Pham Daniel",1,36315.26,36315.26,36315.26,36315.26
"and Blanchard Miller, Young",1,23653.12,23653.12,23653.12,23653.12
"and Blanchard Walker, Barrett",1,9802.10,9802.10,9802.10,9802.10
"and Blankenship Robbins Turner,",1,9729.33,9729.33,9729.33,9729.33
"and Blevins Graham Wilkins,",1,15245.73,15245.73,15245.73,15245.73
"and Blevins Reed, Mendoza",1,45802.56,45802.56,45802.56,45802.56
"and Blevins, Perez Green",1,17484.13,17484.13,17484.13,17484.13
"and Bond Lamb Ramos,",1,49208.42,49208.42,49208.42,49208.42
"and Bond Pitts, Becker",1,24921.05,24921.05,24921.05,24921.05
"and Bond Sons",1,2656.45,2656.45,2656.45,2656.45
"and Bonilla Ellis Alvarado,",1,24756.15,24756.15,24756.15,24756.15
"and Booker Hall Gonzalez,",1,4507.81,4507.81,4507.81,4507.81
"and Boone Hodges, Herring",1,19735.41,19735.41,19735.41,19735.41
"and Boone Palmer Horne,",1,32836.63,32836.63,32836.63,32836.63
"and Boone Sons",1,39382.18,39382.18,39382.18,39382.18
"and Booth Sons",2,22843.97,22843.97,22843.97,45687.94
"and Bowen Barnett, Mcdonald",1,47254.05,47254.05,47254.05,47254.05
"and Bowen Mccormick, Johnson",1,4682.74,4682.74,4682.74,4682.74
"and Bowen, Rhodes Little",1,42733.35,42733.35,42733.35,42733.35
"and Bowers Harrison Mckay,",1,20031.07,20031.07,20031.07,20031.07
"and Bowers Morrow Conrad,",1,33391.96,33391.96,33391.96,33391.96
"and Bowman Ingram Oconnor,",1,10467.19,10467.19,10467.19,10467.19
"and Bowman Pope Thomas,",1,36906.53,36906.53,36906.53,36906.53
"and Bowman Yang, Caldwell",1,24918.82,24918.82,24918.82,24918.82
"and Bowman, Brown White",1,45604.06,45604.06,45604.06,45604.06
"and Bowman, Ward Meyer",1,13692.23,13692.23,13692.23,13692.23
"and Boyd Johnson, Mathews",1,33657.12,33657.12,33657.12,33657.12
"and Boyd Powell, Sims",1,49700.32,49700.32,49700.32,49700.32
"and Boyd Reed Chavez,",1,28895.30,28895.30,28895.30,28895.30
"and Boyd Sons",1,6019.30,6019.30,6019.30,6019.30
"and Boyd Weaver Diaz,",2,10537.31,10537.31,10537.31,21074.63
"and Boyd West, Jones",1,39929.27,39929.27,39929.27,39929.27
"and Boyd, Miller Berry",1,20878.11,20878.11,20878.11,20878.11
"and Boyer Boone, Nelson",2,44697.10,44697.10,44697.10,89394.19
"and Boyer Freeman Valdez,",2,28920.78,28920.78,28920.78,57841.56
"and Boyer, Archer Lopez",1,3241.62,3241.62,3241.62,3241.62
"and Boyle Boyer Lawrence,",1,14957.53,14957.53,14957.53,14957.53
"and Bradford Becker Harvey,",1,39645.63,39645.63,39645.63,39645.63
"and Bradley Bartlett Perry,",1,19958.79,19958.79,19958.79,19958.79
"and Bradley Castaneda Anderson,",1,10571.17,10571.17,10571.17,10571.17
"and Bradley Lewis, Green",1,3458.77,3458.77,3458.77,3458.77
"and Bradley Sons",2,40728.42,40728.42,40728.42,81456.83
"and Bradley Stout, Ramirez",1,35972.84,35972.84,35972.84,35972.84
"and Bradley Travis Mays,",2,27013.50,27013.50,27013.50,54027.00
"and Bradley, Bean Coleman",1,30546.40,30546.40,30546.40,30546.40
"and Bradley, Cruz Strong",1,30114.39,30114.39,30114.39,30114.39
"and Bradshaw Miller, Hood",1,7819.99,7819.99,7819.99,7819.99
"and Bradshaw, Herrera Cook",1,16732.23,16732.23,16732.23,16732.23
"and Bradshaw, Rowe Edwards",1,30059.93,30059.93,30059.93,30059.93
"and Branch Benson Jones,",1,24474.46,24474.46,24474.46,24474.46
"and Branch Dawson, Ruiz",1,42322.02,42322.02,42322.02,42322.02
"and Branch Sons",1,30589.49,30589.49,30589.49,30589.49
"and Branch, Vazquez Jackson",2,22289.28,22289.28,22289.28,44578.56
"and Brandt Black, Wolfe",1,13148.04,13148.04,13148.04,13148.04
"and Braun Clark, Jones",1,1892.58,1892.58,1892.58,1892.58
"and Braun Sons",1,33943.86,33943.86,33943.86,33943.86
"and Braun, Jones Glenn",1,30419.85,30419.85,30419.85,30419.85
"and Bray Callahan, Allen",1,44439.14,44439.14,44439.14,44439.14
"and Bray Sons",1,46792.52,46792.52,46792.52,46792.52
"and Bray, Garcia Little",1,20808.40,20808.40,20808.40,20808.40
"and Brennan Hammond Fisher,",1,18331.31,18331.31,18331.31,18331.31
"and Brennan Rivera, Mckinney",1,24688.63,24688.63,24688.63,24688.63
"and Brennan, Saunders Nichols",1,29110.65,29110.65,29110.65,29110.65
"and Brewer Knight, Ortiz",1,33659.29,33659.29,33659.29,33659.29
"and Brewer Reynolds, Herrera",1,42467.53,42467.53,42467.53,42467.53
"and Brewer Sons",1,34338.86,34338.86,34338.86,34338.86
"and Brewer Thompson, Lloyd",1,5992.38,5992.38,5992.38,5992.38
"and Brewer, Marshall Nelson",1,25853.06,25853.06,25853.06,25853.06
"and Briggs Sons",1,33946.40,33946.40,33946.40,33946.40
"and Briggs, Banks Daniels",1,6055.94,6055.94,6055.94,6055.94
"and Briggs, Rogers Murillo",1,14462.17,14462.17,14462.17,14462.17
"and Brock Doyle Cisneros,",1,25026.29,25026.29,25026.29,25026.29
"and Brock Lam Johnson,",1,17534.50,17534.50,17534.50,17534.50
"and Brock Villarreal, Sanchez",1,39138.68,39138.68,39138.68,39138.68
"and Brooks Miles, Rodgers",1,37562.99,37562.99,37562.99,37562.99
"and Brooks Rodriguez, Howard",1,4141.99,4141.99,4141.99,4141.99
"and Brooks, Petersen Stanley",1,10209.21,10209.21,10209.21,10209.21
"and Brooks, Williams Morse",2,39488.50,39488.50,39488.50,78977.00
"and Brown Ali, Barton",1,21439.99,21439.99,21439.99,21439.99
"and Brown Anderson, Moyer",1,14343.35,14343.35,14343.35,14343.35
"and Brown Avila Cruz,",1,37334.37,37334.37,37334.37,37334.37
"and Brown Bennett Watson,",1,44396.42,44396.42,44396.42,44396.42
"and Brown Blanchard Greer,",1,38116.71,38116.71,38116.71,38116.71
"and Brown Burgess, Tran",1,20191.07,20191.07,20191.07,20191.07
"and Brown Carlson, Mcintosh",1,38488.18,38488.18,38488.18,38488.18
"and Brown Cobb Alvarez,",1,33182.70,33182.70,33182.70,33182.70
"and Brown Cohen Jones,",1,18739.81,18739.81,18739.81,18739.81
"and Brown Cook Rodriguez,",1,26279.51,26279.51,26279.51,26279.51
"and Brown Davis, Singleton",1,4115.80,4115.80,4115.80,4115.80
"and Brown Delgado Williams,",1,47268.07,47268.07,47268.07,47268.07
"and Brown English, Sullivan",1,16635.41,16635.41,16635.41,16635.41
"and Brown Fields Fisher,",1,9496.05,9496.05,9496.05,9496.05
"and Brown Figueroa Tucker,",1,3447.37,3447.37,3447.37,3447.37
"and Brown Fisher Blair,",1,23372.60,23372.60,23372.60,23372.60
"and Brown Gross, Lewis",1,7654.40,7654.40,7654.40,7654.40
"and Brown Harper Russo,",2,30008.27,30008.27,30008.27,60016.54
"and Brown Horn Chambers,",1,7738.04,7738.04,7738.04,7738.04
"and Brown Hughes, Avery",2,39341.56,39341.56,39341.56,78683.12
"and Brown Johnson, Jimenez",1,23868.39,23868.39,23868.39,23868.39
"and Brown Kidd Burch,",1,8946.73,8946.73,8946.73,8946.73
"and Brown Larson Moyer,",1,3963.12,3963.12,3963.12,3963.12
"and Brown Lawson, Gardner",2,9544.83,9544.83,9544.83,19089.67
"and Brown Lee, Holloway",1,9893.37,9893.37,9893.37,9893.37
"and Brown Martinez Johnson,",2,47660.95,47660.95,47660.95,95321.90
"and Brown Moss Cannon,",1,2918.97,2918.97,2918.97,2918.97
"and Brown Oneal, Shah",1,23067.67,23067.67,23067.67,23067.67
"and Brown Owens, Clark",1,20910.82,20910.82,20910.82,20910.82
"and Brown Patterson, Galvan",1,42695.57,42695.57,42695.57,42695.57
"and Brown Pierce Knight,",2,10667.24,10667.24,10667.24,21334.48
"and Brown Ray Walton,",1,12093.36,12093.36,12093.36,12093.36
"and Brown Rodriguez Morales,",1,44430.67,44430.67,44430.67,44430.67
"and Brown Schmidt, Ochoa",1,23271.26,23271.26,23271.26,23271.26
"and Brown Sellers, Sparks",1,29332.80,29332.80,29332.80,29332.80
"and Brown Short Nguyen,",1,3731.08,3731.08,3731.08,3731.08
"and Brown Sons",4,7916.09,44252.08,26273.27,105093.08
"and Brown Vasquez Long,",2,26848.32,26848.32,26848.32,53696.64
"and Brown Vazquez Smith,",1,28344.54,28344.54,28344.54,28344.54
"and Brown Vincent, Osborn",1,21496.42,21496.42,21496.42,21496.42
"and Brown Walsh Casey,",1,33940.98,33940.98,33940.98,33940.98
"and Brown White, Howard",1,4506.62,4506.62,4506.62,4506.62
"and Brown White, Jones",1,19065.06,19065.06,19065.06,19065.06
"and Brown Wood Montgomery,",1,29778.14,29778.14,29778.14,29778.14
"and Brown, Buckley Luna",1,40422.23,40422.23,40422.23,40422.23
"and Brown, Clark Hernandez",1,45084.13,45084.13,45084.13,45084.13
"and Brown, Escobar Smith",2,39328.24,39328.24,39328.24,78656.48
"and Brown, Griffin Roberts",1,7585.65,7585.65,7585.65,7585.65
"and Brown, Hines Ross",1,12720.97,12720.97,12720.97,12720.97
"and Brown, James Green",1,35312.30,35312.30,35312.30,35312.30
"and Brown, Johnson Miller",1,7627.26,7627.26,7627.26,7627.26
"and Brown, Robinson Davis",1,9974.69,9974.69,9974.69,9974.69
"and Brown, Ruiz Mitchell",1,43573.92,43573.92,43573.92,43573.92
"and Brown, Sheppard Stewart",1,48789.82,48789.82,48789.82,48789.82
"and Brown, Vazquez White",1,45700.81,45700.81,45700.81,45700.81
"and Brown, Wood Andrews",1,27743.29,27743.29,27743.29,27743.29
"and Browning Davis, Myers",1,46634.50,46634.50,46634.50,46634.50
"and Browning Merritt, Gonzalez",1,8777.60,8777.60,8777.60,8777.60
"and Browning Schwartz Brooks,",1,28172.90,28172.90,28172.90,28172.90
"and Browning, Dawson George",1,42862.28,42862.28,42862.28,42862.28
"and Bruce Williams, Miller",1,25721.63,25721.63,25721.63,25721.63
"and Bryan Blackwell, Jackson",1,5480.57,5480.57,5480.57,5480.57
"and Bryan Davis Vasquez,",1,15643.93,15643.93,15643.93,15643.93
